ParticipantID,CYP2C8,DPYD,C349_days,C341_days,C340_days,C343_days,C342_days,C348_days
1003076,*1/*4,*5+rs17376848/*9,50.0,,,,,
1006134,*1/*1,*5/*9,,232.0,,,,
1007914,*1/*1+rs10509681,*9/*rs2297595,1304.0,1364.0,,,,
1008336,*1/*1,*2A/*4,,335.0,,,,
1010540,*1/*1+rs10509681,*5/*9,308.0,,,,,
1018352,*1/*1+rs10509681,*1/*5,2371.0,3022.0,,,,
1019778,*4/*4,*1/*rs17376848,62.0,67.0,50.0,,,
1023057,*1/*1+rs10509681,*1/*1,,4472.0,,,,
1025655,*1/*1,*1/*1,,13.0,,,,
1026140,*1/*4,*1/*9,94.0,,,,,
1027344,*1/*1+rs10509681,*5/*6,23.0,,,,,
1029190,*1/*1,*6+rs1801265/*rs2297595,811.0,,,,,
1033816,*1/*1+rs10509681,*1/*1,491.0,446.0,,,,
1034349,*1/*1,*1/*1,236.0,,,,,
1034654,*1/*1,*5/*9,,831.0,,,,
1035619,*1/*1,*1/*5,2645.0,,,,,
1038430,*1/*1,*1/*1,,950.0,,,,
1040063,*1/*1,*9/*rs17376848+rs1801265,1544.0,1511.0,,,,
1041308,*1/*1,*5/*9,,1034.0,,,,
1042057,*1+rs10509681/*4,*1/*1,,,,64.0,,
1045253,*1/*1+rs10509681,*5/*5,726.0,699.0,,,,
1047130,*1/*1,*1/*1,887.0,,,,,
1049255,*1/*4,*1/*5,709.0,794.0,,,,
1050055,*1/*1+rs10509681,*1/*9,93.0,,,,,
1053929,,,31.0,,,,,
1056688,*1/*1,*1/*4,422.0,,,1082.0,,
1060219,*1/*4,*6/*rs17376848,40.0,431.0,,,,
1060941,*1/*4,*5/*5,82.0,,,,,
1063283,*1/*1+rs10509681,*9/*rs2297595+rs1801265,1338.0,1378.0,,,1310.0,
1063867,*1/*1,*1/*1,,,,1433.0,1433.0,
1066122,*1/*1,*1/*5,,2082.0,,,,
1070233,*1/*1,*5/*rs2297595,61.0,42.0,,,,
1072149,*1/*1,*1/*1,,,,,42.0,
1076291,*1/*1+rs10509681,*5/*9,37.0,,,,,
1076379,,,978.0,2428.0,,,,
1076594,*1/*1,*9/*9+rs1801159+rs2297595,578.0,1322.0,,,,
1077227,*1/*1+rs10509681,*1/*rs17376848,72.0,,,,,
1079432,*1/*1+rs10509681,*5/*rs67376798,1658.0,,,1854.0,,
1080759,*1/*1,*1/*1,2898.0,,,,,
1084331,*1/*1,*1/*5,80.0,,,,,
1093561,*1/*1+rs10509681,*1/*5,34.0,93.0,,,,
1094619,*1/*1+rs10509681,*9+rs2297595/*rs2297595,71.0,,,,,
1096763,*1/*1,*1/*5,,899.0,,,,
1096950,*4/*4,*1/*1,2336.0,,,,,
1099088,*1+rs10509681/*1+rs10509681,*1/*5,56.0,,,,,
1100839,*1/*1,*5/*rs67376798,1076.0,1042.0,,,,
1101952,*1/*1+rs10509681,*5/*rs2297595,624.0,620.0,,,,
1105330,*1/*1,*1/*1,2281.0,,1214.0,,,
1107039,*1/*1,*1/*1,345.0,309.0,,,,
1107935,*1/*1,*1/*5,41.0,,,,,
1113438,*1/*1,*9+rs17376848/*rs2297595,,863.0,,,,
1113456,*1/*1,*4/*5,178.0,,,,,
1116986,*1/*1+rs10509681,*1/*9,,2929.0,,,,
1117266,*1/*1,*1/*6,,45.0,,,,
1123116,*1/*1+rs10509681,*1/*1,2545.0,,,,,
1124662,*1/*1,*5/*9,118.0,,,,,
1128901,*1/*1+rs10509681,*5+rs56038477/*9,181.0,,,,,
1130506,*1/*1+rs10509681,*1/*1,,,18.0,,,
1133906,*1/*1,*rs2297595/*rs67376798,295.0,,,,,
1134812,*1/*1,*1/*9,237.0,,,,,
1135257,,,253.0,,,,,
1135694,*1/*1,*1/*1,902.0,,,830.0,,
1139767,*1/*1+rs10509681,*1/*5,5.0,,,792.0,,
1140528,*1/*1,*1/*9,259.0,217.0,,,,
1143777,*1/*1,*1/*9,,1560.0,,,,
1146813,*1+rs10509681/*1+rs10509681,*1/*1,,2267.0,,,,
1152072,*1/*1,*1/*1,,2202.0,,,,2152.0
1153643,*1/*1,*5/*9,,,,1910.0,,
1158365,*1/*1,*1/*9,,,,94.0,,
1160546,*1/*4,*1/*5,4309.0,,,,,
1162582,*1/*1+rs10509681,*1/*1,,,,866.0,,
1163816,*1/*1,*1/*1,,4434.0,,,,
1164603,*1/*1,*4/*5,131.0,,515.0,94.0,,
1171129,*1/*1,*1/*5,713.0,,,,,
1174348,*1/*1,*9/*rs2297595,390.0,627.0,663.0,,,
1176049,*1/*1,*9/*9+rs56038477,,,,,1257.0,
1182050,*1/*1,*1/*1,,,,,10.0,
1189382,*1/*1,*1/*5,797.0,,,,,
1190162,*1/*1,*1/*1,,413.0,,,,
1192812,*1/*1+rs10509681,*5+rs1801265/*rs2297595,2148.0,,,2127.0,,
1192820,*1/*1,*1/*1,,732.0,,,,
1197182,*1/*1+rs10509681,*5/*5,1724.0,,,,,
1198277,*1/*1+rs10509681,*9/*rs2297595,1944.0,1909.0,,,,
1199531,*1/*1,*1/*5,123.0,,,4.0,,
1200773,*1/*1,*1/*1,3301.0,,,3446.0,,
1201239,*1/*1,*1/*4,100.0,170.0,,,,
1201686,*1/*1,*9/*rs2297595,4.0,,,,,
1207266,*1/*1,*1/*1,14.0,,,,,
1207753,*1/*1+rs10509681,*5/*6,,69.0,,,,
1207961,*1/*1,*1/*9,223.0,238.0,,,,
1211651,*1/*1,*1/*1,,,,63.0,,
1211712,*1/*1,*1/*1,,3792.0,,,,
1211980,*1/*1,*1/*5,339.0,389.0,91.0,,,
1212246,*1/*1+rs10509681,*1/*1,887.0,837.0,,,,
1216139,*1/*1,*1/*1,,4723.0,,,,
1216845,*1/*1+rs10509681,*5/*9,5655.0,,,,,
1220646,*1/*1+rs10509681,*1/*5,618.0,,,610.0,,
1227083,*1/*1,*1/*5,143.0,,,,,
1234444,*1/*1,*1/*1,,2448.0,,,,
1239769,*1/*1,*4+rs1801159+rs1801265/*rs2297595,25.0,,,,,
1243612,*1/*1+rs10509681,*5/*5+rs1801160+rs2297595,388.0,276.0,,,,
1246038,*1/*4,*1/*6,,1910.0,,,,
1246760,*1/*1,*1/*rs2297595,,88.0,,88.0,,
1249132,*1/*1,*9/*rs2297595,1168.0,,,,,
1257279,*1/*1,*5/*6,617.0,822.0,,,,
1257335,*1/*1,*1/*9,310.0,,,295.0,,
1258648,*1/*4,*1/*1,,1648.0,,,,
1259342,*1/*1,*1/*1,,761.0,,,,
1259618,*1/*1+rs10509681,*1/*rs2297595,6344.0,,,6362.0,6362.0,
1260360,*1/*1,*1/*5,3071.0,3086.0,,,,
1264329,*1/*1,*1+rs56038477/*9,3894.0,,,3939.0,,
1265477,*1/*1+rs10509681,*1/*9,,,,2468.0,,
1270437,*1/*1,*1/*1,347.0,964.0,,,,
1272205,*1/*4,*9/*rs17376848,506.0,,,447.0,,
1276967,*1/*1,*1/*5,,,,2265.0,,
1277728,*1/*1,*1/*1,89.0,,,,,
1278012,*1/*1,*9/*rs2297595,,686.0,,,,
1278064,*1/*1+rs10509681,*1+rs56038477/*9,418.0,219.0,,,,
1278360,*1/*4,*5+rs1801265/*rs2297595,3350.0,,,,,
1278475,*1/*1,*1/*1,,153.0,,93.0,,
1279195,*1/*1,*1/*1,3629.0,,3639.0,3400.0,,
1280028,*1/*1,*5+rs17376848/*9,27.0,,,,,
1280648,*1/*1,*1/*1,,8.0,,,,
1281860,*1/*4,*9/*rs17376848+rs1801265,41.0,6.0,,,,
1284980,*1+rs10509681/*4,*1/*5,,422.0,,,,
1285135,*1/*1+rs10509681,*5/*5,5331.0,5353.0,,,,
1286039,*1/*1,*1/*9,,,,1318.0,,
1289370,*1/*1+rs10509681,*1/*1,1348.0,2175.0,,,,
1290402,*1/*1+rs10509681,*1/*9,7810.0,7743.0,,,,
1292191,*1/*2,*1/*1,59.0,498.0,,,,
1292475,*1/*1,*1/*6,24.0,,,,,
1294922,*1/*1,*9/*rs2297595,,79.0,,,,
1295936,*1/*4,*5/*rs17376848,4855.0,814.0,,,,
1299056,*1/*1,*1/*rs17376848,,183.0,,,,
1300191,*1/*1,*1/*9,369.0,,,,,
1303497,*1/*1,*1/*1,,1656.0,,,,
1305331,*1/*4,*9/*rs17376848,,,,1432.0,,
1319910,*1/*4,*1/*1,,180.0,,,,
1320306,*1/*1,*5+rs1801265/*rs2297595,811.0,879.0,,,,
1321596,*1/*1,*5/*5,242.0,,,,,
1324605,*1/*1,*1/*9,3380.0,,,,,
1325227,,,,,1.0,,,
1325381,*1/*1,*1/*5,2.0,794.0,,,,
1326649,*1/*1,*5+rs1801160/*9,,,,,2826.0,
1326865,*1/*1+rs10509681,*1/*1,258.0,215.0,,,,
1329498,*1/*1,*1/*9,,27.0,,,,
1330947,*1/*1,*5+rs17376848+rs1801265/*rs2297595,30.0,,,,,
1332175,*1/*1,*5/*rs67376798,,373.0,,,,
1332510,*1/*1,*1/*5,76.0,,,,,
1336670,*1/*1+rs10509681,*1/*1,1087.0,,,,,
1338478,*1/*1,*1/*rs2297595,240.0,171.0,,,,
1339396,*1/*1,*5+rs1801160/*9,,1046.0,,,,
1339719,*1/*1,*1/*5,797.0,1087.0,,,,
1341346,*1/*1,*1/*1,,1080.0,,6416.0,,
1342254,*1/*1+rs10509681,*1/*1,2300.0,886.0,,,,
1346949,*1/*1,*5/*9,,1123.0,,,,
1357546,*1/*1,*1/*5,,573.0,,,,
1358635,*1/*1,*1/*9,261.0,,,,,
1363545,*1/*1,*1/*1,141.0,571.0,,,,
1364104,*1/*1+rs10509681,*9/*rs2297595,,40.0,,,,
1364508,*1/*1,*1/*1,255.0,,,,,
1364912,*1/*1,*1/*5,700.0,665.0,,,,
1369113,*1/*1+rs10509681,*1/*5,29.0,751.0,,,,
1369820,*1/*1,*6/*9,28.0,,,42.0,,
1371362,*1/*1+rs10509681,*1/*5,1775.0,2145.0,,,,
1372309,*1/*1,*9/*rs2297595+rs1801265,,1740.0,,,,
1372432,*1/*1,*5+rs17376848/*9,,231.0,,,,
1376737,*1/*1,*1/*1,1004.0,,,2120.0,,
1377701,*1/*1,*1/*5,,,,7748.0,,
1383950,*1/*1+rs10509681,*4+rs1801265/*rs2297595,94.0,,,,,
1390540,*1/*1,*9/*rs2297595,33.0,656.0,,,,
1391594,*1/*1,*1/*1,107.0,,,188.0,63.0,
1393564,*1/*1,*1/*1,612.0,1157.0,,,,
1396818,*1/*1,*1/*1,198.0,335.0,,,,
1397157,*1/*1+rs10509681,*5/*6,1021.0,,,,,
1402221,*1/*4,*5/*rs2297595,,207.0,,,,
1403674,*1/*1,*9/*9+rs1801159+rs2297595,3882.0,,,,,
1403950,*1/*1+rs10509681,*1/*5,2572.0,2384.0,,,,
1408969,*1/*1,*5/*9,,,,2113.0,,
1411689,*1/*1,*9/*rs2297595,280.0,,,,,
1412808,*1/*1,*5+rs1801265/*rs2297595,94.0,,,,,
1419854,*1/*1+rs10509681,*1/*1,64.0,,,,,
1420501,*4/*4,*9/*rs67376798,361.0,,,389.0,,
1422173,*1/*1,*9/*rs2297595+rs1801265,,,,47.0,,
1422392,*1/*1,*5/*5,192.0,,,,,
1425656,*1/*1,*5/*9,,,,1263.0,,
1426488,*1/*1+rs10509681,*1/*1,2749.0,2727.0,,,,
1428937,*1/*1,*1/*1,,1886.0,,,,
1435565,*1/*1,*9/*9+rs17376848+rs2297595,39.0,,41.0,,,
1438097,*1/*2,*5/*9,,,,,2721.0,
1439704,*1/*1,*9/*rs17376848,,3218.0,,,,
1444458,*1/*1,*1/*1,,,,837.0,,
1447610,,,1598.0,,,1644.0,,
1448215,*1/*1,*5+rs56038477/*9,30.0,,,,,
1448785,*1/*1,*1/*5,5482.0,,,,,
1453287,*1/*1,*9/*9,480.0,95.0,,,,
1459228,*1/*1,*1/*1,5879.0,,,,,
1460964,*1/*1,*4+rs56038477+rs1801265/*rs2297595,54.0,,,,,
1461883,*1/*1,*1/*rs2297595,,64.0,,,,
1463562,*1/*1,*1/*1,,,32.0,,,
1463863,*1/*1,*1/*5,,90.0,,,,
1467923,*1/*4,*1/*5,,4569.0,,,,
1469656,*1/*1,*1/*1,,121.0,,,,
1474803,*1/*1,*5/*9,,795.0,,,,
1475949,*1/*1,*1/*5,,,,5304.0,,
1479879,*1/*1+rs10509681,*1/*1,150.0,,,,,
1482320,*1/*1+rs10509681,*5/*6,1382.0,1452.0,,,,
1482632,*1/*1+rs10509681,*1/*1,44.0,,,,,
1484010,*1/*1,*1/*5,1649.0,,,1307.0,,
1490591,*1+rs10509681/*4,*1/*5,511.0,,496.0,,,
1493212,*1/*1,*1/*1,113.0,,,151.0,,
1495404,*1/*1+rs10509681,*1/*1,2655.0,2127.0,,,2127.0,
1495547,*1/*1,*5/*9,150.0,,,,,
1499142,*1/*1+rs10509681,*1/*1,,2161.0,,,,
1501031,*1/*4,*1/*5,,1222.0,,825.0,,
1502044,*4/*4,*1/*5,,,,,2281.0,
1502700,*1/*1,*1/*1,96.0,112.0,,,,95.0
1506164,*1/*1,*1/*9,790.0,,,899.0,,
1506638,*1/*1,*1/*1,,910.0,,,,
1514063,*1/*1+rs10509681,*5+rs1801265/*rs2297595,,684.0,,,,
1514196,*1/*1+rs10509681,*1/*5,,1265.0,,,,
1517910,*1/*1,*1/*1,1805.0,,,,,
1520443,*1/*1+rs10509681,*1/*5,1927.0,,,2110.0,,
1520861,*1/*4,*1/*1,5417.0,,,5358.0,,
1523242,*1/*1,*5/*5,10.0,,,,,
1523626,*1/*1,*1/*rs17376848,33.0,,,,,
1525525,*1/*1,*9/*rs2297595,,,,2467.0,,
1528478,*1/*1+rs10509681,*1/*9,,,,697.0,,
1531826,*1/*1,*1/*1,,6247.0,,,,
1533058,*1/*1,*1/*1,,,,1125.0,,
1539000,*1/*1,*4/*5,104.0,,,,,
1541419,*1/*1+rs10509681,*1/*5,1.0,,,,,
1550917,*1/*1,*5/*5,63.0,,,,,
1555512,*1/*1,*5+rs1801265/*rs67376798,,436.0,,,,
1561313,*2/*2,*1/*9,,903.0,,,,
1562350,*1/*2,*9/*rs17376848,51.0,,,,,
1566842,*1+rs10509681/*4,*1/*1,,,,,35.0,
1567208,*1+rs10509681/*4,*1/*1,95.0,,,,,
1567737,*1/*1,*9/*rs17376848,2736.0,,,1158.0,,
1570308,*1/*4,*1/*1,,1040.0,,,,
1577423,*1/*1,*9/*rs2297595,,163.0,,,,
1579222,*1/*4,*1/*1,1.0,456.0,,,,
1581443,*1/*1,*1/*1,,,,162.0,,
1585342,*1/*1,*1/*1,459.0,,,152.0,,
1585823,*1/*1,*1/*1,89.0,104.0,,,,
1589915,*1/*1,*1/*9,,,,407.0,,
1592773,*1/*4,*1/*5,,,,384.0,,
1594027,*1/*1,*9/*rs2297595,,36.0,,,,
1594399,*1/*1,*9/*rs2297595,11.0,,,,,
1596461,*1/*1,*1/*9,1868.0,1917.0,,,,
1596888,*1/*1,*5/*9+rs1801159,643.0,529.0,,,,
1598849,*1/*1,*1/*5,,411.0,,,,
1599565,*1/*1,*1/*9,,462.0,592.0,,,
1603807,*1/*1,*5+rs1801265/*rs2297595,3595.0,,,,,
1605270,*1/*1,*1/*1,3391.0,3331.0,,,,
1607339,*1/*1,*1/*rs17376848,,295.0,,,,
1613527,*4/*4,*6+rs1801265/*rs2297595,567.0,,144.0,641.0,,
1616176,*1/*1+rs10509681,*9/*rs2297595,5573.0,,,,,
1618432,*1/*1+rs10509681,*5+rs56038477/*9,45.0,,,,,
1619447,*1/*1,*1/*1,206.0,,,,94.0,
1621692,*1/*1,*1/*1,,3387.0,,,,
1624392,*1/*1,*9/*9+rs56038477,53.0,,,805.0,,
1624462,*1/*1+rs10509681,*1/*1,,,,615.0,,
1624512,*1/*1+rs10509681,*9/*rs2297595,82.0,,,,1737.0,
1627958,*1/*1,*1/*6,3390.0,,,,,
1629782,*1/*1,*1/*rs17376848,805.0,864.0,,923.0,,
1634105,*1+rs10509681/*4,*2A/*5,42.0,578.0,,,,
1634906,*1/*1,*1/*5,,,,283.0,,
1634988,*1/*1,*1/*1,,2116.0,,,,
1636970,*1/*1+rs10509681,*1/*9,1580.0,1623.0,,,,
1639798,*1/*1+rs10509681,*1/*rs17376848,551.0,,,528.0,,
1639967,*1/*1,*1/*5,148.0,,,,,
1648223,*1/*1,*1/*1,,19.0,,,,
1649797,*1/*1+rs10509681,*1/*1,351.0,,,,322.0,
1650848,*1/*1,*1/*5,220.0,,,,,
1652094,*1/*1,*1/*1,2614.0,,,2593.0,,
1652375,*1/*1,*1/*6,1708.0,2372.0,,,,
1653707,*1/*1+rs10509681,*5/*9+rs1801159,4607.0,,,,,
1653728,*1/*1,*4/*5,7911.0,,,,,
1658749,*1/*1,*5+rs1801160/*9,728.0,783.0,,,,
1659185,*1/*1,*1/*9,,,,4295.0,,
1665407,*1/*1,*5/*9,1198.0,1167.0,,,,
1668057,*1/*1,*1/*5,,4206.0,,,,
1668436,*1/*1,*1/*rs17376848,42.0,,,,,
1670546,*1/*1,*1/*9,375.0,388.0,,,,
1670871,*1/*1,*4/*5,4338.0,4289.0,,,,
1671391,*1/*4,*1/*rs2297595,162.0,,,,,
1671627,*1/*1,*5/*5,,4227.0,,,,
1672340,*1/*1,*1/*1,1571.0,1382.0,,,,
1673868,*1/*1,*5/*rs2297595,68.0,,,,,
1674067,*1/*1,*5+rs1801160+rs56038477/*9,,,,24.0,,
1676165,*1/*1,*6/*9,2201.0,2644.0,,,,
1677517,*1/*1,*1/*1,926.0,1404.0,,,,
1677706,*1/*4,*5/*6,1121.0,,0.0,1202.0,,
1678353,*1/*1,*1/*4,17.0,,,,,
1680445,*1/*1,*1/*rs67376798,34.0,,,,,
1680727,*1/*1,*9/*rs2297595,1104.0,1080.0,,,,
1690509,*1/*1,*9/*rs2297595,25.0,,13.0,,,
1692236,,,,,,166.0,,
1692674,*1/*1+rs10509681,*6/*9,908.0,,,,,
1697445,*1/*4,*1/*1,,5212.0,,,,
1698398,*1/*1,*1/*1,,,,7355.0,,
1699095,*1/*1,*9+rs2297595/*rs2297595,4556.0,,,,,
1699796,*1/*4,*1/*5,1302.0,1346.0,,207.0,,
1707566,*1/*1,*9/*rs2297595,330.0,,,,,
1708511,*1/*1,*9/*9+rs56038477,813.0,941.0,,,,
1708771,*1/*1,*1/*1,18.0,,,,,
1709343,*1/*1,*5+rs17376848/*9,,,,1228.0,,
1711953,*1/*1,*5/*9,,20.0,,,,
1713966,*1/*1+rs10509681,*1/*rs67376798,53.0,599.0,,203.0,,
1716109,*1/*1,*9/*rs17376848,40.0,614.0,,,,
1719950,*1/*1,*1/*1,,,,2181.0,,
1720202,*1/*1,*5/*6,,1343.0,,,,
1720806,*1+rs10509681/*4,*9/*rs2297595+rs1801265,335.0,311.0,350.0,,,
1721348,,,,2074.0,,,,
1722091,*1/*1+rs10509681,*9/*rs2297595,,,,1618.0,,
1725276,*1/*1,*9/*rs2297595+rs1801265,1854.0,,,,,
1726711,*1/*1+rs10509681,*1/*2A,3239.0,,,,,
1727802,*1/*4,*1/*rs17376848,149.0,,,,,
1730015,*1/*1,*9/*rs17376848,,,,2547.0,,
1732168,,,,,34.0,,,
1740276,*1/*1+rs10509681,*1/*1,,789.0,,,,
1745303,*1/*1,*1/*9,3888.0,3799.0,,,,
1745913,*1/*1+rs10509681,*4/*5,222.0,176.0,,,,
1746444,*1/*1+rs10509681,*1/*1,,196.0,,,,
1746695,*1/*1,*1/*6,,,,1881.0,,
1747347,*1/*1,*1/*1,1377.0,,,1649.0,,
1750531,*1/*1+rs10509681,*5/*9,36.0,,,,,
1751530,*1/*1,*5/*5,608.0,,,,,
1752999,*1/*1+rs10509681,*9+rs17376848/*rs67376798,2889.0,,,2938.0,,
1753586,*1/*2,*1/*1,192.0,191.0,,,,
1758812,*1/*1,*1/*1,4.0,,,,,
1760232,,,47.0,,,13.0,,
1762006,*1/*1,*5/*5,405.0,,,,,
1766176,*1/*1,*9/*9+rs56038477+rs2297595,,,,1069.0,,
1767022,*1/*1,*5+rs56038477/*9,,764.0,,,,
1767091,*1/*1,*1/*5,352.0,,,330.0,,
1769412,*1/*1+rs10509681,*1/*9,,,1035.0,1104.0,,
1770765,*1/*1,*5/*9,,825.0,,950.0,,
1770788,*1/*4,*1/*1,,492.0,,,,
1770851,*1/*1,*5+rs2297595+rs1801265/*rs67376798,,544.0,,,,
1771111,*1/*1,*1/*9,,1836.0,,,,
1776464,*1/*1,*1/*1,6813.0,6822.0,,,,
1779223,*1/*1,*5+rs1801160/*6,2154.0,,,,,
1781442,*1/*1+rs10509681,*5/*9,446.0,,,,376.0,
1782278,,,19.0,37.0,,17.0,,
1785453,*1/*1+rs10509681,*1/*rs17376848,,,594.0,,,
1787324,*1/*1,*1/*5,,,,2482.0,,
1788600,*1/*1,*1/*5,38.0,,,,,
1789174,*1/*1,*9/*rs2297595,5565.0,,,,,
1789399,*1/*1,*6/*rs2297595,32.0,,,,,
1790325,*1/*1,*1/*9,,34.0,,,,
1794293,*1/*4,*1/*1,,,,261.0,,
1795875,*1/*1,*1/*5,,19.0,,,,
1796235,*1/*1,*5+rs1801265/*rs2297595,1124.0,,,,,
1796971,*1/*1,*1+rs56038477/*9,1190.0,,1262.0,,,
1797460,*1/*1,*5+rs1801265/*rs67376798,450.0,,,,,
1799103,*1/*1,*1+rs56038477/*9,4.0,48.0,,,,
1802465,*1/*1,*5+rs56038477/*9,,1374.0,,,,
1804001,*1/*1+rs10509681,*1/*9,48.0,65.0,,,,
1806009,*1/*1,*9/*rs17376848,,49.0,,,,
1807047,*1/*1,*1/*1,,1787.0,,,,
1809795,*1/*1,*9/*rs17376848+rs1801265,,196.0,,,,
1813785,*1/*1,*1/*9,84.0,,,,,
1817027,*1/*1,*5+rs1801265/*9,,24.0,,560.0,,
1818025,*1/*1+rs10509681,*1/*1,,1924.0,,,,
1821551,*1/*1,*1/*1,250.0,,,,,
1821874,*1/*4,*1/*1,,,,367.0,,
1823166,*1/*4,*1/*5,88.0,,,,,
1826960,*1/*4,*9+rs17376848/*rs17376848,,,,3609.0,,
1827687,*1/*1+rs10509681,*1/*5,,1731.0,,,,
1830339,*1/*1,*5+rs17376848/*9,45.0,280.0,,,,
1835796,*1/*1,*9/*rs2297595,,57.0,,,,
1840259,*1/*1+rs10509681,*1/*4,64.0,,,,,
1842887,*1/*1,*9/*rs2297595,1604.0,,,,,
1849178,*1/*1,*9/*rs2297595+rs1801265,148.0,236.0,,,,
1849348,*1/*4,*1+rs56038477/*9,,20.0,,,,
1851945,*1/*1,*1/*5,10.0,,,,,
1857526,*1/*1,*1+rs56038477/*9,796.0,,,,,
1858722,*1/*4,*1/*1,,,,213.0,,
1861095,*1/*1,*5/*rs17376848,185.0,669.0,,,,
1862001,*1/*1,*1/*1,,124.0,,,,
1866318,*1/*1,*9+rs2297595/*rs2297595+rs1801265,715.0,,,,,
1870269,*1/*1,*1/*5,33.0,790.0,,,,
1870594,*1/*1,*1/*1,1746.0,,,2740.0,,
1872497,*1/*4,*9/*rs2297595,388.0,,,367.0,,
1872993,*1/*1,*1/*1,,292.0,,,,
1876567,*1/*1+rs10509681,*1/*1,,1735.0,,,,
1877182,*1/*1,*1/*1,,,,845.0,,
1878138,*1/*1,*1/*1,,495.0,,,3290.0,
1884782,*1/*1,*1/*4,16.0,,,,,
1894424,*1/*4,*6+rs17376848/*9,,,,2182.0,,
1895425,*1/*1+rs10509681,*1/*9,,,,767.0,,
1896005,*1/*1,*1/*5,19.0,,,,,
1896952,*1/*1+rs10509681,*1/*5,155.0,,,140.0,,
1899278,*1/*4,*5/*9,169.0,,,277.0,,
1900370,*1/*1,*1/*2A,,34.0,,,,
1904169,*1/*1,*1/*5,30.0,,,,175.0,
1916204,*1/*1,*1/*1,176.0,207.0,,,,
1916934,*1/*1,*1/*1,,1690.0,,,,
1917320,,,,,,4667.0,,
1922028,*1/*1+rs10509681,*1/*9,480.0,,274.0,,,
1922780,*1/*1,*9/*rs17376848,,,,396.0,,
1924761,*1/*1,*1/*5,,,,5130.0,,
1924970,*1/*1,*1/*rs2297595,,52.0,,,,
1926667,*1/*1,*1/*1,,1216.0,,,,
1927657,*1/*1,*9/*rs2297595,,8.0,,,,
1929138,,,2263.0,,,,,
1929487,*1/*1,*1/*5,,1979.0,,,,
1930148,,,,2010.0,,,,
1930802,*1/*1,*1/*9,2509.0,,2336.0,2398.0,,
1931243,*1/*1,*9/*rs67376798,526.0,,558.0,,,
1935318,*1/*1,*1/*1,,1244.0,,,,
1936185,*1/*1,*5/*9,3742.0,,,,,
1936660,*1/*1,*1/*1,18.0,,,,,
1940724,*1/*4,*1/*9,547.0,,,,,
1941553,*1/*1,*4/*5,50.0,,,,,
1943395,*1/*1,*1/*5,3903.0,3749.0,,,,
1944027,*1/*4,*1/*5,120.0,177.0,,,,
1944576,*1/*1+rs10509681,*1/*5,,,,12.0,,
1945665,*1/*1,*1/*rs17376848,,302.0,,,,
1946152,*1/*1+rs10509681,*1/*rs2297595,,,,1152.0,,
1946967,*1/*1+rs10509681,*1/*rs17376848,,1784.0,,,,
1957598,*1/*1+rs10509681,*1/*5,222.0,,,,,
1958243,*1/*1,*1/*5,49.0,,,,,
1958972,*1/*1+rs10509681,*1/*5,531.0,398.0,,,,
1959035,*1/*1,*1/*5,,4561.0,,,,
1960423,*1/*1+rs10509681,*9/*rs2297595,207.0,11.0,,,,
1961209,*1/*1,*1/*1,18.0,,,,,
1962122,*1/*1,*1/*1,734.0,,,807.0,,
1963394,*1/*1,*9/*rs2297595,36.0,614.0,,,,
1964567,*1/*1,*1/*1,3248.0,,3220.0,,,
1965837,*1/*1,*1/*1,14.0,,,,,
1967861,*1/*4,*1/*5,,,,839.0,,
1968004,*1/*1,*4+rs1801265/*9,2278.0,,,,,
1971934,*1/*1,*1/*6,,7496.0,,,,
1975691,*1/*1,*5/*5,271.0,,,,,
1976061,*1/*1,*1/*1,,4014.0,,,,
1976404,*1/*1,*5+rs1801265/*rs2297595,,964.0,,,,
1984275,*1/*1+rs10509681,*1/*1,222.0,27.0,,,,
1990963,*1/*1+rs10509681,*1/*6,2701.0,2556.0,,,,
2000102,*1/*1,*5+rs1801265/*rs2297595,315.0,,,,,
2003844,*1/*1,*9/*rs2297595,,2007.0,,,,
2004510,*1/*1,*1/*5,,,,1209.0,,
2004753,*1/*1+rs10509681,*9/*rs17376848,,972.0,,,,
2007553,*1/*1,*9/*rs2297595,2.0,,,,,
2008575,*1/*1,*9/*rs2297595,743.0,,,,,
2008954,*1/*1,*1/*1,,,,30.0,,
2012743,*1/*1,*9/*rs17376848,,,,,3447.0,
2015671,*1/*1,*1/*1,2951.0,3007.0,,,,
2015870,,,,8319.0,,,,
2020604,*1/*1,*1/*rs2297595,524.0,599.0,,810.0,,
2021779,*1/*1,*5/*5,18.0,,,,,
2024746,*1/*1,*1/*9,246.0,,,,,
2024927,*1/*1,*9/*rs2297595,714.0,692.0,,,,
2025595,*1/*1+rs10509681,*1/*5,567.0,,,588.0,,
2025752,*1+rs10509681/*1+rs10509681,*1/*1,,1588.0,,,,
2028811,*1/*1,*1/*1,,4804.0,,,,
2028962,*1/*1,*1/*1,706.0,,,,,
2030335,*4/*4,*9/*rs2297595,807.0,,,,,
2030877,*1/*1+rs10509681,*9/*rs2297595,,,,1861.0,,
2033030,*1/*1,*1/*5,,178.0,,,,
2036709,*1/*4,*1/*1,357.0,,,370.0,,
2037197,*1/*1,*5/*5,,2270.0,,2309.0,,
2038468,*1/*1,*9/*rs17376848,,,,3701.0,,
2040236,*1/*1,*4/*5,,,,2523.0,,
2040385,*1/*1,*1/*9,,354.0,,,,
2043645,*1/*1,*5/*rs17376848,1201.0,,,,,
2048040,*1/*1,*5/*9,153.0,,,,,
2049863,*1/*1+rs10509681,*9/*rs67376798+rs1801265,2922.0,2809.0,,,,
2049876,*1/*1,*1/*9,2097.0,,,,,
2050923,*1/*1,*9/*rs17376848,1117.0,,,,,
2059789,*1/*1,*1/*9,953.0,308.0,383.0,,,
2060129,*1/*1,*1/*5,,,,75.0,,
2062294,*1+rs10509681/*4,*1/*1,481.0,734.0,,,,
2063710,*1/*1,*5/*9,1063.0,,,,,
2064128,*1/*1,*1/*9,95.0,,,,,
2064279,*1/*1,*1/*5,649.0,,,,,
2069516,*1/*1,*1/*1,,515.0,,,,
2070659,*1/*1+rs10509681,*1/*1,158.0,,,,,
2070664,*1/*1+rs10509681,*2A/*6,701.0,,,102.0,,
2072811,*1/*1,*1/*9,5.0,876.0,,,,
2073945,*1/*1,*1/*1,139.0,,115.0,,,
2074275,*1/*1,*1/*1,1093.0,,,1326.0,,
2076272,*1/*1+rs10509681,*1/*6,,298.0,,,,
2080981,*1/*1,*1/*5,46.0,,,,,
2081247,*1/*1+rs10509681,*1/*1,,2014.0,,,,
2087862,*1/*1,*1/*9,9959.0,,,,,
2091509,*1/*1,*1/*1,3367.0,3358.0,1829.0,,,
2092582,*1/*1,*1/*6,,,,796.0,,
2099206,*1/*4,*1/*5,243.0,,,,,
2099313,*1/*1,*6+rs17376848+rs1801265/*rs2297595,,,,117.0,,
2099757,*1/*4,*1/*6,1358.0,,,,,
2101816,*1/*1,*1/*1,23.0,,,,,
2102305,*1/*1,*1/*rs2297595,,4658.0,,,,
2103132,*1/*1+rs10509681,*5/*6,,4429.0,,,,
2103650,*1/*1+rs10509681,*5+rs1801265/*rs2297595,,,,2532.0,,
2104867,*1/*1,*1/*5,269.0,,,,,
2106245,*1/*1+rs10509681,*6/*9,813.0,,,,,
2107313,*1/*1+rs10509681,*1/*1,1892.0,,,2034.0,,
2112179,*1/*1,*5+rs1801265/*9,598.0,,,,,
2115504,*1/*1,*4/*9,,,,13.0,,
2115518,*1/*4,*9/*9,154.0,,,292.0,,
2116449,*1/*1,*1/*1,5780.0,,,,,
2119212,*1/*1,*5/*6,245.0,,,843.0,,
2124403,*1/*1,*1/*5,621.0,485.0,,,,
2126335,*1/*4,*9/*rs2297595,,,,861.0,,
2127763,*1/*1,*1/*rs67376798,,326.0,,,,
2130222,*1/*1,*1/*5,1759.0,2018.0,,,,
2131514,*1/*1,*5/*rs67376798,146.0,,,,,
2132282,*1/*1+rs10509681,*1/*1,,2706.0,,,,
2133192,*1/*1,*1+rs56038477/*9,10.0,,,,,
2136428,*1/*4,*1/*1,27.0,,,,198.0,
2137902,*1/*1,*1/*5,,4546.0,,,,
2139337,*1/*1,*5/*rs2297595,,3871.0,,3918.0,,
2143715,*1/*1,*5+rs1801160+rs1801265/*rs2297595,,,,741.0,,
2144308,*1/*1,*9/*rs2297595,75.0,,25.0,,,
2145619,*1/*1,*1/*5,1147.0,,,1181.0,,
2152232,*1/*1+rs10509681,*1/*rs2297595,,751.0,,,,
2152598,*1/*1+rs10509681,*1/*5,,64.0,,,,
2153128,*1/*1,*1/*1,,49.0,,,,
2154320,*1/*1,*1/*1,,248.0,,,,
2155105,*1/*1,*1/*1,364.0,,1097.0,,,
2156697,*1/*1,*5/*5,121.0,,,,,
2157376,*1/*4,*1/*5,4179.0,,,4240.0,,
2157741,*1/*1+rs10509681,*1/*5,385.0,515.0,,,,
2162988,*1/*1,*9+rs17376848/*rs17376848,,15.0,,,,
2168121,*1/*1,*1/*1,260.0,,,,,
2170553,*1/*1,*5+rs56038477/*9,391.0,,,364.0,,
2175138,,,,240.0,,,,
2175491,*1/*1,*1/*9,682.0,626.0,,,,
2178107,*1/*1,*1/*5,6759.0,,,,,
2179462,*1/*4,*1/*1,1213.0,,,,,
2180219,*1/*1,*1/*5,984.0,2075.0,,,,
2182073,*1/*1+rs10509681,*5/*9,3634.0,,,,,
2186122,*1/*1,*9/*rs17376848,,958.0,,,958.0,
2187529,*1/*4,*1/*9,,,,844.0,,
2193810,*1/*4,*1/*1,9728.0,,,,,
2197067,*1/*1,*1/*5,,961.0,,,,
2200332,*1/*1,*1/*1,,359.0,,,,
2206867,*1/*1,*1/*5,,,,688.0,,
2207335,*1/*1+rs10509681,*1/*9,,2208.0,,,,
2209264,*1/*1,*1/*1,,352.0,,,,
2209356,*1/*1,*1/*1,,,,325.0,,
2210913,*1/*1,*1/*1,214.0,549.0,,,,
2215207,*1/*1,*1/*1,,,,104.0,,
2216115,*1/*1+rs10509681,*1/*1,702.0,,,,,
2220566,*1/*1,*1/*5,,,,,8928.0,
2221032,*1/*1,*1/*5,,160.0,,,,
2221498,*1/*1,*1/*1,,9.0,,,,
2222871,*1/*1,*5/*5,,64.0,,299.0,,
2223562,,,321.0,243.0,,,,
2228082,*1/*1,*1/*6,760.0,754.0,,,,
2228446,*1/*1+rs10509681,*1/*5,586.0,,603.0,,,
2229396,*1/*1,*1/*1,,5283.0,,,,
2231318,*1/*1,*1/*1,616.0,,,694.0,,
2237137,*1/*1,*9/*rs2297595,6942.0,,24.0,,,
2238037,*1/*4,*1/*1,,42.0,,,,
2238181,*1/*1,*9/*rs2297595,,908.0,,,,
2240012,*1/*4,*1/*9,840.0,902.0,,,,
2241969,*1/*1+rs10509681,*9/*rs2297595+rs1801265,409.0,,,,,
2242819,*1/*1,*1/*5,,4584.0,,,,
2245019,*1/*1,*5+rs1801265/*rs2297595,,2653.0,,,,
2246687,*1/*1+rs10509681,*5/*9,5071.0,,,,,
2248017,*1/*1,*1/*rs17376848,,,,1207.0,,
2248772,*1/*1+rs10509681,*1/*rs2297595,27.0,,,,,
2249555,,,32.0,207.0,,,,
2250113,,,,4295.0,,,,
2250199,*1/*1,*9/*9+rs56038477,,,,8.0,,
2250704,*1+rs10509681/*1+rs10509681,*1+rs56038477/*9,4273.0,,,,,
2251821,*1/*1,*5+rs1801160+rs1801265/*rs2297595,,,,316.0,,
2252406,*1/*1+rs10509681,*6+rs56038477/*9,434.0,,,475.0,,
2253136,*1/*1+rs10509681,*5/*9,,1728.0,,,,
2253653,*1/*4,*5/*rs17376848,871.0,834.0,,,,
2255607,*1/*1,*9/*rs2297595,754.0,,,,,
2255891,*1/*1+rs10509681,*1/*1,,4154.0,,,,
2263190,*1/*1,*9/*rs17376848+rs1801265,,,,501.0,,
2263548,*1/*4,*1/*1,3503.0,,,,,
2263572,*1/*2,*5/*9,54.0,,,,,
2264644,*1/*1+rs10509681,*1/*1,,,,1442.0,,
2264890,*1/*1,*5/*rs17376848,204.0,184.0,,,,
2266384,*1/*1,*1/*5,30.0,,,,,
2267753,*1/*1,*9/*rs17376848,,,,2300.0,,
2268793,*1/*1,*1/*1,61.0,,,,,
2268836,*1/*1,*1/*rs2297595,,3051.0,,,,
2272277,*1/*1,*1/*1,842.0,833.0,,,,5.0
2276020,*1/*1,*9/*9,603.0,1342.0,,,,
2276336,*1/*1,*9/*rs17376848,,1351.0,,461.0,,
2276830,*1/*1+rs10509681,*1/*1,,109.0,133.0,,,
2280385,*1/*1,*9/*rs2297595,84.0,,,62.0,,
2281439,*1/*1,*9/*rs2297595,577.0,588.0,,,,
2282489,*1/*1,*5+rs1801265/*rs2297595,,1682.0,1682.0,,,
2284684,*1/*1,*1/*1,,14.0,,,,
2286698,*1/*1,*9+rs2297595/*rs67376798,617.0,,,1083.0,,
2287761,*1/*4,*1/*1,84.0,,,,,
2290652,*1/*1,*1/*5,111.0,,,,,
2293185,*1/*1+rs10509681,*1/*rs17376848,935.0,,,,,
2296070,*1/*4,*1/*5,2320.0,,,,,
2297557,*1/*1+rs10509681,*5/*5,145.0,,,,,
2299075,*1/*1+rs10509681,*9+rs17376848/*rs2297595,31.0,,,,,
2300987,*1/*1,*5+rs1801265/*rs2297595,,1756.0,,,,
2304416,*1/*1+rs10509681,*9+rs2297595/*rs2297595,,1074.0,368.0,,,
2307266,*1/*1,*1/*5,14.0,,,,,38.0
2309444,*1+rs10509681/*4,*1/*rs17376848,,,,281.0,,
2315462,*1+rs10509681/*4,*5/*9,58.0,27.0,,,,
2315846,*1/*1+rs10509681,*1/*1,3586.0,282.0,,,,
2319647,*1/*1,*5/*5,,2049.0,,,,
2320565,*1/*1,*1/*6,823.0,,,,,
2321441,*1/*1+rs10509681,*9/*9+rs17376848+rs2297595,,724.0,,724.0,,
2324956,*1/*4,*9/*rs2297595,,3908.0,,,,
2329551,*1/*1,*5/*9,2277.0,,,3862.0,,
2333772,*1/*1,*9/*rs2297595,517.0,,528.0,501.0,,
2336206,*1/*1,*1/*9,95.0,,,,,
2336804,*1/*1+rs10509681,*1/*4,6352.0,,,,,
2337543,*1+rs10509681/*1+rs10509681,*1/*5,16.0,390.0,,,,
2339703,*1/*1,*1/*9,1348.0,1153.0,,,,
2340524,*1/*1,*2A/*5,191.0,,,,,
2341499,,,,774.0,,715.0,,
2342318,*1/*1,*1/*2A,363.0,,,1016.0,,
2343853,*1/*1,*1/*5,,4.0,,1244.0,,
2346470,*1/*1,*5+rs1801265/*rs2297595,,254.0,,,,
2348966,*1/*1,*1/*1,,,,32.0,,
2354061,,,,2112.0,,,,
2356408,*1/*1,*5/*rs17376848,314.0,42.0,301.0,,,
2356844,*1/*1,*1/*1,,,,1931.0,,
2357489,*1/*1+rs10509681,*9/*rs17376848,,737.0,,,,
2357536,*1/*1,*4+rs1801265/*rs2297595,,,,49.0,,
2358713,*1/*2,*1/*5,1315.0,,,,,
2367156,*1/*1,*9/*rs2297595+rs1801265,306.0,,,10.0,,
2370564,*1/*1,*9/*9+rs17376848+rs2297595,,,,127.0,,
2371386,*1/*1,*1/*5,,1186.0,,,,
2376999,*1/*1,*5+rs1801160+rs1801265/*rs2297595,7522.0,7489.0,,,,
2377087,*1/*1,*1+rs56038477/*9,,4385.0,,,,
2377617,*1/*1,*9/*9+rs17376848+rs2297595,546.0,,,476.0,,
2380203,*1/*1,*1/*1,83.0,,,,,
2383024,*1/*2,*1/*1,,162.0,,,,
2383876,*1/*1,*9/*rs2297595,25.0,,,,,
2384705,*1/*1,*1/*6,411.0,,,,,
2385135,*4/*4,*1/*1,861.0,867.0,,,,
2390139,*1+rs10509681/*1+rs10509681,*1/*1,,,,505.0,,
2391451,*1/*1+rs10509681,*9/*9+rs17376848+rs56038477,,1677.0,,,,
2395239,*1/*1,*1/*1,456.0,,,,,
2405684,*1/*1,*1/*1,20.0,,,,,
2405866,*1/*1+rs10509681,*9/*rs2297595,,,,5640.0,,
2407663,*1/*1+rs10509681,*5/*5,999.0,,,,,
2411675,*1/*1,*5/*9,166.0,,,281.0,,
2412544,*1/*1,*1/*4,100.0,168.0,,,,
2420478,*1/*1,*1/*1,,,,8617.0,,
2421345,*1/*1,*9/*rs2297595,,,,151.0,,
2422102,*1/*1,*1/*9,12.0,,,,,
2422382,*1/*1,*5/*5,,5513.0,,,,
2422725,*1/*1+rs10509681,*5+rs1801265/*rs2297595,316.0,,,,,
2427524,*1/*1,*1/*1,9468.0,,9459.0,,,
2427608,*1/*1,*1/*1,1102.0,1063.0,,,,
2429205,,,3191.0,,,,,
2432529,*1/*1,*1/*5,93.0,8.0,,,,
2432930,*1/*1,*1/*1,163.0,,,,,
2438968,*1/*4,*1/*1,6592.0,,,6506.0,,
2440479,*1/*1,*1/*1,,45.0,,440.0,,
2440791,*1/*1,*1/*9,17.0,,,,,
2442714,*1/*1,*1/*1,,,,4149.0,,
2448070,*1/*1,*1/*1,848.0,,,,,
2455181,,,,,,733.0,,
2456432,*1/*1,*1/*9,,3485.0,,,,
2459566,*1/*1,*1/*1,4.0,274.0,,,,
2459624,*1/*1,*5/*5,1361.0,,,1340.0,,
2460318,*1/*1,*9+rs17376848/*rs2297595,,,,,,811.0
2464262,*1/*4,*1/*9,,174.0,,,,
2471555,*1/*1,*1/*rs17376848,519.0,719.0,,,,
2476852,*1/*1,*9/*9,304.0,,,,,
2478693,*1/*1,*5/*5,,1181.0,,,,
2481911,*1/*1,*1/*9,,,,1250.0,,
2482429,*1/*1,*1/*1,157.0,,,,,
2483310,*1/*1+rs10509681,*6+rs56038477/*9,2308.0,2365.0,,,,
2484479,*1/*1,*1/*1,,3494.0,,,,
2486104,*1/*1,*9/*rs17376848,,1608.0,,,,
2486421,*1/*1,*1/*9,253.0,143.0,,,,
2490369,*1/*1,*9/*rs2297595,,,,726.0,,
2490511,*1/*1+rs10509681,*1/*5,,2287.0,,,,
2490548,*1/*1,*1/*2A,1195.0,1209.0,,,,
2490764,*1/*1,*1+rs56038477/*9,522.0,,,,,
2494439,*1/*4,*1/*5,,,,2476.0,,
2496470,*1/*1,*1/*6,9.0,,,,,
2499230,*1/*1,*9/*rs2297595,600.0,,,314.0,,
2499993,*1/*1+rs10509681,*1/*1+rs56038477,,,,1812.0,,
2506562,*1/*1+rs10509681,*1/*5,,110.0,,,,
2506927,*1/*1,*6/*9,,,,338.0,,
2514341,*1/*1,*5/*9,,391.0,,,,
2515421,*1/*1+rs10509681,*1/*1,,2322.0,,,,
2517435,*1/*1+rs10509681,*4/*5,5883.0,,5904.0,,,
2522378,*1/*1,*1/*1,,,,14.0,,
2524285,*1/*4,*1/*1,,19.0,,,,
2526716,*1/*1,*5/*5,,937.0,,,,
2530365,*1/*1,*1/*1,6018.0,,,,,
2531562,*1/*1+rs10509681,*1/*1,1164.0,,,1958.0,,
2532567,*1/*4,*1/*rs17376848,77.0,67.0,,,,
2533998,*1/*1,*2A+rs1801159/*9,,81.0,,,,
2534410,*1/*1,*1/*1,,,2179.0,2166.0,,
2535273,*1/*1+rs10509681,*1/*9,,8.0,,,,
2536190,*1/*1,*1+rs56038477/*9,,695.0,,,,
2538750,*1/*1+rs10509681,*1/*rs2297595,1994.0,,,,,
2539184,*1/*1,*1/*1,,2505.0,,,,
2544289,*1/*1+rs10509681,*9/*rs2297595,,,,2011.0,,
2546414,,,48.0,,,,,
2549296,*1/*1,*5/*9,1791.0,,,1853.0,,
2550843,*1/*1,*1/*5,2166.0,2845.0,,,,
2554825,*1/*1+rs10509681,*9/*rs17376848,1522.0,2175.0,,,,
2556979,*1/*1,*1/*9,,850.0,,,,
2558055,*1/*4,*1/*2A,7.0,,,10.0,,
2560288,*1/*1,*1/*9,,317.0,,,,
2561472,*1/*4,*5/*9,1712.0,,,,,
2563262,*1/*1,*1/*1,9.0,38.0,,,,
2563679,*1/*1,*9+rs2297595/*rs2297595+rs1801265,955.0,724.0,,,,
2569749,*1/*1+rs10509681,*1/*5,28.0,,,,,
2571140,*1/*1,*5/*5,4889.0,4837.0,,,,
2571366,*1/*1,*1/*1,4617.0,4584.0,,,,
2574190,*1/*1+rs10509681,*1+rs56038477/*9,,,176.0,,,
2574572,*1/*1+rs10509681,*5/*9+rs1801159,281.0,,,,,
2576021,*1/*4,*1/*1,196.0,108.0,,,,
2579502,*1/*1,*5/*9,,,1313.0,,,
2583366,*1/*1,*4/*5,713.0,,,,,
2584136,*1/*1,*6/*9,43.0,,,,,
2586460,*1/*1+rs10509681,*1/*5,19.0,,,,,
2587889,*1/*1,*5+rs1801265/*9,,,5.0,,,
2589652,*1+rs10509681/*1+rs10509681,*9/*rs2297595,,,,1894.0,,
2590184,,,,2245.0,,,,
2593105,*1/*1,*9/*9+rs17376848+rs56038477,25.0,63.0,,,,
2594016,*1/*1,*1/*9,20.0,,,,,
2594847,*1/*1,*1/*1,,8908.0,,,,
2595877,*1/*1+rs10509681,*6/*rs2297595,,701.0,,,,
2600385,*1/*1,*1/*1,,,,,1263.0,
2600451,*1/*1,*1/*1,494.0,517.0,,,,
2603038,*1/*1,*1/*5,240.0,,,,,
2603755,*1/*1,*1/*9,42.0,,,,,
2605567,*1/*1,*1/*1,18.0,,,,,
2612469,*1/*1,*1/*4,511.0,420.0,136.0,,,
2613914,*1+rs10509681/*1+rs10509681,*1/*6,420.0,,,,,
2614812,*1/*1,*1/*1,9490.0,,,,,
2616538,*1/*1,*5+rs17376848/*9,865.0,,,,836.0,
2618407,*1/*1,*1/*1,,2638.0,,,,
2620704,*1/*1,*5/*5,,50.0,,,,
2625017,*1/*1,*5/*5,62.0,,,,,
2625984,*1/*1+rs10509681,*1/*5,35.0,2.0,,,,
2628408,*1/*1,*1/*1,190.0,,,,,
2630356,*1/*1,*5/*5,4.0,,,,,
2630544,*1/*1,*9/*rs2297595,100.0,,,57.0,,
2635540,*1/*1+rs10509681,*1/*5,,,,3373.0,,
2637376,*1/*1,*1/*9,,2775.0,,,,
2638471,*1/*1,*5/*9,16.0,,,,,
2639204,*1/*1,*1/*1,,1247.0,,1952.0,,
2639907,*1/*1,*1/*rs2297595,,,247.0,,,
2640232,*1/*1+rs10509681,*1/*1,4384.0,,,,,
2640681,*1/*1,*1/*1,1296.0,156.0,,,,
2642050,*1/*1,*1/*1,265.0,222.0,,,,
2644301,*1/*4,*1/*rs17376848,1745.0,1568.0,,,,
2647965,*1/*1,*5+rs1801265/*rs2297595,,1103.0,,,,
2648500,*1/*1,*1/*4,249.0,,,,,
2650141,*1/*1,*1/*9,,1629.0,,,,
2651953,*1/*1,*9+rs56038477/*rs2297595,265.0,,,,,
2657437,*1/*1+rs10509681,*9+rs2297595/*rs2297595,3029.0,3014.0,,,,
2659707,*1/*1,*1/*rs17376848,,2959.0,,,,
2660238,*1/*1+rs10509681,*1/*4,844.0,,,,,
2664264,*1/*4,*1/*1,1244.0,1225.0,,,,
2664816,*1/*1,*9+rs2297595/*rs2297595+rs1801265,,3349.0,,3349.0,,
2664987,*1/*1,*5/*5,,1815.0,,,,
2666180,*1/*4,*5/*6,,,,,773.0,
2668037,*1/*1,*9/*rs2297595,10.0,,,450.0,,
2672617,*1/*1+rs10509681,*5/*5,65.0,,,,,
2675044,,,54.0,,,,,
2677271,*1/*1+rs10509681,*1/*rs17376848,57.0,,,,,
2679925,*1/*1,*1/*4,426.0,412.0,,,,
2681068,*1/*1,*1/*1,1854.0,,,,,
2685553,*1/*1,*1/*5,,3778.0,,,,
2686133,*1/*1,*9/*rs17376848,5092.0,,5122.0,,,
2691794,*1/*2,*5/*9,11.0,,,,53.0,
2692908,*1/*1+rs10509681,*1/*5,537.0,,,,,
2694297,*1/*1,*1/*9,1843.0,2366.0,,,,
2695331,*1/*1+rs10509681,*5/*rs2297595,1640.0,,,,1758.0,
2697804,*1/*1,*1/*6,,67.0,,,,
2698280,*1/*4,*1/*9,,818.0,,,,
2701553,*1/*1,*1/*1,437.0,,,,501.0,
2704214,*1/*1,*9/*9+rs17376848+rs2297595,,3822.0,3855.0,,,
2704605,*1/*1+rs10509681,*1/*5,,,,17.0,,
2707147,*1/*1,*1/*1,,,,797.0,,
2709184,*1/*1+rs10509681,*1/*1,,,,77.0,,
2711648,*1/*1,*1/*1,,2960.0,,,,
2714849,*1/*1+rs10509681,*1/*1,5.0,179.0,,,,
2717373,*1/*1,*9/*rs2297595,,191.0,,,,
2717809,*1/*2,*1/*9,,6018.0,,,,
2720467,*1/*1,*1/*rs2297595,33.0,,,,,
2721183,*1/*1,*1/*1,143.0,,,,,
2721419,*1/*1,*5/*9,19.0,100.0,,,,
2721954,*1/*1,*5/*9+rs1801159,576.0,,,,,
2723925,*1/*1,*9/*rs2297595,18.0,,,,,
2725019,*1/*1,*5+rs56038477/*9,,991.0,,,,
2726635,,,1773.0,1795.0,,,,
2727243,*1/*1,*1/*5,601.0,,,,,
2728042,*1/*1,*1/*5,,,,1269.0,,
2729999,*1/*4,*4/*rs17376848,6446.0,,,,,
2733300,*1/*1,*5+rs17376848/*rs67376798,,1839.0,,,,
2734447,*1/*4,*9/*rs2297595,,3091.0,,,3667.0,
2739768,*1/*1+rs10509681,*1/*5,,,,1251.0,,
2742411,*1/*1,*6+rs1801265/*rs2297595,112.0,,,,,
2743908,*1/*1,*1/*5,236.0,,,,,
2744944,*4/*4,*1/*5,,,,704.0,,
2748435,*1/*1,*1/*1,92.0,,451.0,,,
2751396,*1/*4,*1/*1,,1704.0,,,,
2752059,*1/*1+rs10509681,*5/*9+rs1801159,,1339.0,,,,
2753793,*1+rs10509681/*4,*5+rs17376848/*9,,1144.0,,,,
2754160,*1/*1+rs10509681,*1/*1,391.0,,,2834.0,,
2754317,*1/*1,*1/*1,,676.0,,,,
2755671,*1/*1,*1/*5,,,,,1881.0,
2756227,*1/*1+rs10509681,*1/*9,,1474.0,,,,
2760506,*1/*1,*1/*1,379.0,,,,,
2764040,*1/*1,*9/*rs17376848,2364.0,4206.0,,,,
2766499,*1/*1+rs10509681,*1/*5,,782.0,,,,
2768653,*1/*1,*9/*rs17376848,2.0,,,,,
2770419,*1/*1,*1/*1,142.0,227.0,,,,
2772299,*1/*1,*5/*5,,700.0,,,,
2774274,*1/*1+rs10509681,*1/*9,,5683.0,,,,
2774927,*1/*1,*6+rs17376848+rs1801265/*rs2297595,50.0,158.0,,,,
2778290,*1/*1,*5+rs1801265/*rs2297595,13.0,310.0,,,,
2779593,*1/*1,*5/*9,3225.0,3274.0,,,,
2782502,*1+rs10509681/*4,*1/*1,0.0,,,13.0,,
2783189,*1/*1,*1/*5,152.0,,,,,
2788680,*1/*1+rs10509681,*1/*1,3369.0,,,,,
2790332,*1/*1+rs10509681,*1/*1,3.0,,,911.0,,
2791101,*1/*1,*1/*1,37.0,,,,,
2794127,*1/*4,*1/*5,,1831.0,,,,
2794547,*1+rs10509681/*1+rs10509681,*1/*4,243.0,,,6.0,,
2796133,*1/*1,*1/*5,140.0,,,,,
2799148,*1/*4,*1/*9,2360.0,,,,,
2799580,*1/*1+rs10509681,*1/*1,18.0,25.0,,,,
2799969,*1/*1,*5/*9,13.0,,,,,
2800489,*1/*1,*1/*5,74.0,,,,,
2800733,*1/*4,*1/*1,82.0,,,,,
2802992,*1/*4,*9+rs17376848/*rs2297595,,196.0,,,,
2803410,*1/*1,*1/*5,79.0,,,,,
2804269,*1/*1,*1/*5,,473.0,,,,
2808402,*1/*1,*1/*9,2894.0,1165.0,,,,
2809023,*1/*1,*1/*5,4482.0,4472.0,,,,
2809266,*1/*4,*9/*9+rs56038477,438.0,562.0,,,,
2812194,*1/*1,*1/*9,,2286.0,,,,
2813037,*1/*1,*9/*rs2297595,90.0,,,402.0,,
2814312,*1/*1,*1/*rs2297595,,,,3383.0,,
2816443,*1/*1+rs10509681,*9/*rs2297595,,,,192.0,,
2817614,*1/*1,*1/*rs67376798,1753.0,,,,,
2819348,*1/*1,*1/*9,,713.0,,,,
2820699,,,5553.0,,,,,
2827920,*1/*1+rs10509681,*1/*9,,,57.0,50.0,,
2828705,*1/*1,*1/*1,,252.0,,,,
2835284,*1/*1,*1/*1,,,,2415.0,,
2835387,*1/*1,*1/*5,34.0,,,,,
2836538,*1+rs10509681/*4,*1/*1,2914.0,,,2980.0,,
2839340,*1/*4,*9/*rs2297595+rs1801265,,6.0,,,,
2839964,*1/*1,*1/*rs2297595,81.0,2.0,,,,
2841251,*1/*1,*1/*1,,,,190.0,,
2841993,*1/*4,*1/*5,2543.0,2468.0,,,,
2842603,*1/*1+rs10509681,*1/*9,,2230.0,,2400.0,,
2845504,*1/*1,*1/*1,217.0,235.0,,,,
2846642,*1/*1,*9/*rs2297595+rs1801265,32.0,,,,,
2848964,*1/*1,*1/*1,262.0,269.0,,,,
2851111,*1/*1,*1/*6,,3023.0,,,,
2851903,*1/*1,*1/*rs67376798,,,,2189.0,899.0,
2852787,*1/*1+rs10509681,*1/*rs67376798,,,472.0,,,
2855316,*1/*1,*1+rs56038477/*9,940.0,,,,,
2860643,*1/*1,*1/*6,1381.0,1410.0,,,,
2861474,*1/*1,*1/*5,381.0,343.0,,,,
2861489,*1/*1,*6+rs56038477/*9,,907.0,,,,
2867714,*1/*1,*1/*5,,,,6886.0,,
2868451,*1/*1,*9/*rs2297595,13.0,7.0,,,,
2870600,*1/*1,*4+rs1801159/*9,,971.0,,,,
2872694,*1/*4,*1/*1,60.0,,,,,
2873182,*1/*1,*1/*1,,,,1041.0,,
2874309,*1/*4,*1+rs56038477/*9,44.0,,,,,
2875696,*1/*1,*1/*1,,168.0,,,,
2878266,*1/*1,*5+rs1801160/*9,2868.0,3085.0,,,,
2878796,*1/*1,*1/*1,,1808.0,,,,
2879011,*1/*1,*5/*rs2297595,21.0,,,,,
2879097,*1/*1,*1/*rs67376798,444.0,422.0,,,,
2880061,*1/*1,*1/*9,2424.0,,,,,
2880127,*1/*1,*5+rs1801265/*rs2297595,,342.0,,,,
2880505,*1/*1,*5/*6,5915.0,5956.0,,,1705.0,
2881431,*1/*1,*1/*5,3832.0,,,,,
2883406,*1/*2,*5/*9,103.0,,,130.0,,
2883697,*1/*1,*1/*5,1143.0,1206.0,,,,
2884723,*1/*1,*9/*9+rs56038477,967.0,,,,,
2888695,*1/*1,*1/*rs17376848,71.0,,,59.0,,
2889464,*1/*1,*5+rs17376848/*9,,,,157.0,,
2890185,*1/*1,*9/*rs17376848,48.0,224.0,,,,
2890323,*1/*1,*9/*rs2297595+rs1801265,,200.0,,,,
2894474,*1/*1,*5+rs1801265/*rs2297595,196.0,,,,,
2899112,*1/*4,*9/*rs2297595,3085.0,3316.0,,,,
2904580,*1/*1,*1/*1,35.0,,,,,
2905193,*1/*1+rs10509681,*1/*5,,373.0,,,,
2905896,*1/*1,*1/*1,1347.0,5121.0,,,,
2906227,*1/*4,*5/*rs17376848,,1376.0,,,,
2908029,*1/*1,*rs2297595/*rs2297595+rs1801159+rs1801265,,103.0,,,,
2910566,*1/*1+rs10509681,*9/*9+rs17376848+rs2297595,,719.0,,,,
2910726,*1/*1,*1/*1,407.0,1033.0,,,,
2912095,*1/*1+rs10509681,*9/*9,,,,10.0,,
2912847,*1/*1+rs10509681,*1/*1,,211.0,,,,
2913225,*1/*1,*9/*rs2297595,84.0,,,89.0,,
2915631,*1/*1,*1/*4,,180.0,,,,
2916298,*1/*1,*1/*5,53.0,,,,,
2918189,*1/*1,*1/*1,,,,1152.0,,
2922087,*1/*1,*1/*1,221.0,,,,,
2922186,*1/*1,*1/*9,188.0,255.0,,,,
2923189,*1/*1,*1/*9,,4133.0,,,,
2924549,*1/*1,*1/*5,5.0,,,748.0,,
2926056,*1/*1,*1/*1,20.0,,,,,
2929144,*1/*1,*1/*5,64.0,,,,,
2929199,*1/*1,*1/*1,463.0,501.0,,,,
2929390,*1/*1+rs10509681,*1/*1,,227.0,,,281.0,
2932168,*1/*1,*1/*1,,154.0,,,,
2933285,*1/*1,*1/*9,19.0,,,,,
2935927,*1/*4,*4/*5,,561.0,,,,
2942605,*1/*1,*9/*rs2297595,,,170.0,188.0,,
2942620,*1/*1+rs10509681,*9+rs17376848/*rs2297595,,1321.0,,,,
2942896,*1/*1,*1/*1,713.0,674.0,,,,
2945630,*1/*1,*1/*1,4811.0,,,,,
2947504,*1/*1+rs10509681,*1/*2A,,,,35.0,,
2950272,*1/*1,*1/*5,,58.0,,,,
2953652,*1/*1+rs10509681,*1/*rs17376848,304.0,282.0,,,,
2956740,*1/*1,*1/*9,,1.0,,,,
2959518,*1/*1,*1/*1,,773.0,819.0,262.0,,
2960628,*1/*1+rs10509681,*9/*9+rs17376848+rs1801159,9327.0,,,,,
2962124,*1/*1,*5+rs17376848/*9,290.0,824.0,,752.0,,
2963450,*1/*1,*5/*9,36.0,,,,,
2965167,*1+rs10509681/*4,*1/*1,,2783.0,,,,
2965864,*1/*1,*1/*5,2.0,34.0,,,,
2968990,*1/*1+rs10509681,*5/*5,1651.0,,,,,
2970154,*1/*1,*5/*rs2297595,3071.0,3199.0,,,,
2970397,*1/*1,*9/*rs2297595,,,,228.0,,
2977829,*1/*1,*1/*5,62.0,,,,,
2978108,*1/*1,*1+rs56038477/*9,203.0,271.0,326.0,,,
2980409,*1/*1,*1/*5,,1404.0,,,,
2981572,*1/*1,*1/*9,,,,39.0,,
2981980,*1/*1+rs10509681,*1/*1+rs56038477,2844.0,,,3029.0,3018.0,
2982450,*1/*4,*1/*1,443.0,671.0,,598.0,,
2984985,*1/*1+rs10509681,*1/*5,246.0,,,,,
2986106,*1/*1+rs10509681,*1/*4,,,,748.0,,
2986949,*1/*1+rs10509681,*5/*9,21.0,,,,,
2992755,*1/*1+rs10509681,*1/*4,,,719.0,,,
2993839,*1/*1,*9/*rs2297595,724.0,,3342.0,,3308.0,
2995921,*1/*1,*1/*1,,129.0,,,,
2996874,*1/*4,*5+rs1801265/*rs2297595,,,,3265.0,,
2998588,*1/*1+rs10509681,*1/*5,168.0,,,185.0,,
2999253,*1/*1,*1/*6,,7515.0,,,7515.0,
3003217,*1/*1,*1/*5,,1092.0,,,1173.0,
3008576,*1/*1,*1/*1,,,,,2671.0,
3010690,*1/*1,*1/*1,38.0,,,,,
3017248,*1/*1,*5/*5,,169.0,188.0,,,
3019405,*1/*1,*5/*rs17376848,10.0,235.0,,,,
3023808,*1/*1,*9+rs2297595/*rs2297595+rs1801265,,,,1643.0,,
3025416,*1/*1,*1/*1,35.0,,,326.0,,
3025852,*1/*1,*1/*5,85.0,,,379.0,,
3026069,*1/*4,*1/*6,95.0,,,,,
3027037,*1/*1,*1/*5,1826.0,,,1581.0,,
3027597,*1/*1+rs10509681,*1/*1,803.0,908.0,,,,
3027999,*1/*1,*5/*5,218.0,,,,,
3033095,*1/*1,*1/*1,,43.0,,,,
3033820,*1+rs10509681/*4,*1/*1,49.0,,,,,
3037528,*1/*4,*1/*1,5.0,,,,,
3040570,*1/*1,*5/*9,,2551.0,,,,
3041430,*1/*1,*1/*1,,,18.0,,,
3043565,*1/*1,*1/*1,2961.0,,,,,
3045027,*1/*1,*9+rs56038477/*rs67376798,214.0,,,,,
3048400,*1/*1+rs10509681,*4+rs1801159/*9,514.0,,,363.0,,
3049025,*1/*1,*1/*1,21.0,,,,,
3050001,*1/*4,*1/*1,24.0,,,,,
3057256,*1/*4,*5+rs56038477/*9,3.0,,,,,
3058794,*1/*1,*9/*rs2297595,,725.0,,,,
3058840,*1/*1+rs10509681,*1/*1,,70.0,,,,
3059007,*1/*1,*1/*rs17376848,65.0,,,138.0,,
3060010,*1/*1,*5/*9,702.0,754.0,,,,
3060272,*1/*1,*1/*4,,4863.0,,,,
3061368,*1/*1,*1+rs56038477/*9,481.0,,,,,
3061443,*1/*1,*5/*9,,32.0,,,,
3062456,*1/*1+rs10509681,*5/*5,,,,111.0,,
3063275,*1/*1,*1/*1,,,,86.0,,
3063916,*1/*1,*1/*1,,859.0,,,,
3070535,*1/*1,*2A/*9,,,,2563.0,,
3070718,*1/*1,*1/*1,156.0,,,122.0,,
3071630,*1/*1+rs10509681,*6/*9,78.0,19.0,,,,
3072465,*1/*1+rs10509681,*9/*9+rs17376848+rs1801159,714.0,,,411.0,,
3073155,*1/*1,*1/*1,,57.0,,,,
3082462,*1/*1+rs10509681,*1/*1,40.0,,,,,
3084890,,,458.0,,,,407.0,
3087460,*1/*1,*9/*rs17376848,98.0,,,,,
3090615,*1/*1,*9/*rs2297595,1244.0,,,,,
3091714,*1/*1,*1/*9,,318.0,,,,
3098852,*1/*1+rs10509681,*5/*9+rs1801159,,2622.0,,,,
3100006,*1/*1,*1/*rs17376848,,985.0,,,,
3102968,*1/*1,*1/*9,,1704.0,,,,
3105449,*1/*1+rs10509681,*1/*4,,2489.0,,,,
3107307,*1/*4,*9/*rs2297595,58.0,,,2084.0,,
3108855,*1/*1,*9/*rs2297595+rs1801265,270.0,,,251.0,,
3109444,*1/*1,*1/*4,5.0,,,227.0,,
3110249,*1/*1,*1/*5,15.0,,,,,
3110587,*1/*1+rs10509681,*1/*1,56.0,,,129.0,,
3113840,*1/*1,*1/*9,,32.0,63.0,,,
3116114,*1/*1,*1/*1,674.0,2687.0,430.0,,,
3117657,*1/*1,*9/*rs17376848,,3345.0,,,,
3120308,*1/*1,*1/*1,681.0,,,,,
3121634,*1/*1,*1/*9,3292.0,3019.0,,,,
3122936,*1/*1,*5/*9,3225.0,3212.0,,,,
3123801,*1/*1,*4+rs17376848/*9,,,610.0,,,
3124334,*1/*1,*1/*1,4595.0,,,4617.0,,
3125597,*1/*1,*9/*9+rs1801160+rs1801159+rs2297595,,2749.0,,,,
3125944,*1/*1,*5/*5,,5547.0,,,,
3127746,,,14.0,,,,,
3128136,*1/*1,*1/*1,,,2505.0,2550.0,4505.0,
3129323,*1/*1,*1/*1,15.0,257.0,,,,
3130078,*1/*1,*9/*rs2297595+rs1801265,2.0,,,,,
3133350,*1/*1,*1/*9,1187.0,1164.0,,,,
3136027,*1/*1,*5/*6,1200.0,,,,,
3139504,*1/*1+rs10509681,*1/*9,416.0,,,408.0,,
3140821,*1/*1+rs10509681,*5/*rs2297595,40.0,,,,,
3142171,*1/*1,*9+rs17376848/*rs2297595,2.0,,,,,
3144395,*1/*1,*5/*6,178.0,,,,,
3144799,*1/*1+rs10509681,*1/*9,,5.0,,,,
3147317,*1/*1,*2A/*rs2297595,,48.0,,,,
3147434,*1/*1,*1/*5,,662.0,,,,
3151455,,,,,,424.0,,
3151961,*1/*1,*1/*1,,,,59.0,,
3153401,*1/*1,*5/*9+rs1801159,,1900.0,,,,
3160945,*1/*1,*1/*9,,156.0,,,,
3162097,*1/*1,*5/*9,114.0,,,61.0,,
3162791,*1/*1+rs10509681,*5/*rs2297595,21.0,,,,,
3166058,*1/*1+rs10509681,*9/*rs2297595,91.0,82.0,,,,
3166929,*1/*1,*1/*5,13.0,,,,,
3167633,,,,698.0,,,,
3173246,*1/*1,*1/*5,,866.0,,,,
3176901,*1/*1+rs10509681,*9/*rs17376848,225.0,,56.0,,,1.0
3180316,*1/*1,*1+rs56038477/*9,,742.0,,,,
3180368,*1/*1+rs10509681,*1/*5,22.0,,,,,
3182989,*1/*1,*9/*rs2297595,1175.0,,,,,
3185336,*1/*1,*9/*rs2297595,,1942.0,,,,
3186434,*1/*1,*5+rs1801265/*rs2297595,,641.0,,368.0,,
3188779,*1/*1,*1/*9,457.0,,,,,
3192426,*1/*1+rs10509681,*9/*rs2297595,,1952.0,,,,
3196569,,,1515.0,,,,,
3197222,*1+rs10509681/*1+rs10509681,*1/*1,1648.0,,,,,
3201901,*1/*1,*6+rs1801265/*rs2297595,109.0,49.0,,,,
3203148,*1/*1,*5/*9,251.0,,,19.0,,
3203567,*1/*1,*9/*rs17376848,1282.0,,,,,
3203782,*1/*1,*1/*9,,1265.0,,,,
3203987,*1/*1,*5+rs17376848/*9,,430.0,,,,
3205127,*1/*1,*1/*9,3274.0,3136.0,,,,
3205520,*1/*1,*9/*9,,1768.0,,,,
3205835,*1/*1+rs10509681,*1+rs56038477/*9,919.0,,,981.0,,
3209142,*1/*1,*1/*1,,,,1312.0,,
3212364,*1/*4,*5/*5,,1294.0,,,,
3212680,*1/*1,*1/*9,,108.0,,,,
3216539,*1/*1,*1/*5,,130.0,,,,
3221701,*1/*1,*1/*1,168.0,137.0,,,,
3223074,*1/*1,*1/*9,,,,4911.0,,
3229613,*1/*1,*1/*5,4965.0,4982.0,,,,
3230891,*1/*1,*5/*9,,,,724.0,,
3235307,*1/*1,*1/*5,422.0,,,,,
3241221,*1/*1,*1/*rs17376848,996.0,,,989.0,,
3241885,*1/*1+rs10509681,*1/*rs17376848,38.0,,,,,
3246141,*1/*1+rs10509681,*1/*1,7963.0,,,,,
3253454,*1/*1,*1/*1,224.0,,,,,
3253620,*1/*1+rs10509681,*5/*9,1230.0,,,139.0,,
3254246,*1/*1+rs10509681,*1/*9,,,,10.0,,
3255168,*1/*1,*1/*1,,213.0,,,,
3255471,*1/*1,*1/*5,178.0,309.0,,,,
3257407,*1/*1+rs10509681,*5+rs56038477/*9,91.0,,,,,
3266353,*1/*1+rs10509681,*1/*1,1019.0,1077.0,,,,
3268019,*1/*1,*1/*1,1945.0,1970.0,,1417.0,,
3268222,*1/*1,*1/*1,,,,1170.0,,
3269300,,,,121.0,,,,
3270713,*1/*4,*1/*4,13.0,,,,,
3271996,*1/*1+rs10509681,*1/*1,,2655.0,,,,
3272409,*1/*1+rs10509681,*1/*5,23.0,,,,,
3272614,*1/*4,*1/*1,329.0,342.0,,,,
3274096,*1+rs10509681/*1+rs10509681,*5+rs1801265/*rs2297595,439.0,9.0,,,,
3274190,*1/*1,*1/*rs17376848,297.0,328.0,,,,
3277869,*1/*1,*1/*rs2297595,,2511.0,,,,
3278156,*1/*1,*9/*rs17376848,,,,2081.0,,
3278960,*1/*1,*1/*1,2703.0,2784.0,,,,
3280632,*1/*1,*5+rs1801265/*5+rs2297595+rs1801265,,393.0,,,,
3281147,*1/*1,*1/*rs2297595,,772.0,,772.0,772.0,
3289061,*1/*4,*9+rs2297595/*rs2297595+rs1801265,164.0,,,95.0,,
3291306,*1/*1+rs10509681,*1/*6,33.0,,,,,
3291607,*1/*1,*1/*1,1063.0,4152.0,,,,
3291902,*1/*1,*1/*1,,,,1889.0,,
3293304,*1/*1,*5+rs1801265/*rs67376798,1470.0,2263.0,2.0,,,
3293656,*1/*1+rs10509681,*5/*9,316.0,148.0,,,275.0,
3294180,*1/*4,*1/*5,17.0,,,,,
3295673,*1/*1,*9/*rs17376848,68.0,,,,,
3296413,*1/*1,*1/*1,1.0,293.0,,,,
3296432,*1/*1+rs10509681,*9/*rs2297595,3077.0,,3118.0,,,
3296919,*1/*4,*1/*1,95.0,,91.0,,,
3297036,*1/*4,*1/*5,77.0,,,,,
3297457,*1/*1,*1/*9,377.0,562.0,,,,
3298428,*1/*1,*9/*rs2297595,1064.0,,1046.0,,,
3299527,*1/*1+rs10509681,*5+rs56038477/*9,,,,1277.0,,
3300358,*1/*1,*9/*rs2297595+rs1801265,266.0,,,,,
3300469,*1/*1+rs10509681,*1/*4,,,,33.0,,
3304559,*1/*1,*5+rs1801265/*9,1913.0,,,2145.0,,
3307456,*1/*1,*1/*1,5023.0,,,,,
3309727,*1/*1,*5/*9,264.0,,,,,
3311808,*1/*1,*1/*5,,49.0,,,,
3313214,*1/*1+rs10509681,*1/*9,894.0,,,,,
3313605,*1/*1+rs10509681,*1/*1,2163.0,2126.0,,,,
3314594,*1/*1,*9/*rs2297595,,,,1791.0,,
3317172,*1/*4,*1/*9,328.0,16.0,,,,
3323680,*1/*1,*5+rs1801265/*rs2297595,3887.0,,,,,
3325714,*1/*1,*1/*9,903.0,,,,,
3326039,*1/*1,*1/*5,57.0,,,,,
3328008,*1/*1,*1+rs56038477/*9+rs56038477,,7.0,,,,
3330225,*1/*1,*5/*6,2138.0,2247.0,,2342.0,,
3332071,,,7531.0,,,,,
3332154,,,1341.0,,,,,
3333588,*1/*1+rs10509681,*1/*1,335.0,,,,,
3334526,*1/*1+rs10509681,*1/*4,,3867.0,,,,
3335030,*1/*1,*1/*6,87.0,58.0,,,,
3335277,*1/*1,*1/*5,2862.0,,,,,
3336273,*1/*1,*1/*1,,,,,500.0,
3343762,*1/*1,*6+rs1801265/*rs2297595,341.0,399.0,,,,
3345842,*1/*1,*2A+rs1801265/*rs2297595,875.0,,,,,
3346848,,,,49.0,,,,
3349029,*1/*1+rs10509681,*1/*5,2459.0,,,2570.0,,
3350424,*1/*1,*1/*rs2297595,232.0,,,393.0,,
3351666,*1/*1,*5/*9,1897.0,,,,,
3353618,*1/*4,*9/*rs2297595,133.0,,,111.0,,
3358353,*1/*1,*1/*5,1139.0,1131.0,1031.0,,,
3358656,*1/*1,*5/*9,,1073.0,,,,
3360014,*1/*4,*9/*rs17376848,,795.0,,,837.0,
3361015,*1/*4,*5+rs17376848+rs1801265/*rs2297595,11.0,1327.0,,,,
3361779,*1/*4,*9/*rs17376848,103.0,,,,,
3362891,*1/*1,*5+rs1801160/*9,,2252.0,,,,
3372740,*1/*1,*5/*9,585.0,,,,,
3374167,*1/*1,*1/*1,,,,4525.0,,
3376593,*1/*1,*1/*6,107.0,,,,,
3378662,*1/*1,*1/*5,397.0,,411.0,,,
3379007,*1/*1,*1/*1,78.0,1501.0,,,,
3384178,*1/*1,*9/*rs2297595,706.0,,,748.0,,
3384919,*1/*1+rs10509681,*1/*5,,,,297.0,,
3385670,*1/*1,*1/*1,,,,,1234.0,
3386552,*1/*1,*1/*5,7.0,,,,,
3387506,*1/*1,*1/*1,,60.0,,,,
3388665,*1/*1,*5/*9,978.0,,,1195.0,,
3389289,,,,37.0,,,,
3391541,*1/*1,*1/*9,104.0,,,157.0,,
3391819,*1/*1,*1/*5,5840.0,5974.0,,,,
3393357,*1/*1+rs10509681,*9/*rs17376848,2524.0,,,2364.0,,
3393594,*1/*1,*1/*9,4339.0,,,,,
3394576,*1/*1,*1/*5,,726.0,,,,
3394671,*1/*1,*9+rs17376848/*rs2297595,751.0,768.0,,,,
3395770,*1/*1+rs10509681,*1/*rs17376848,,3965.0,,,,
3396682,*1/*1+rs10509681,*1/*1,10.0,110.0,,,,
3397255,*1/*1,*1/*5,426.0,641.0,,,,
3397939,*1/*1,*1/*9,,,193.0,52.0,,
3402511,*1/*1,*1/*1,,2867.0,,,,
3403089,*1/*1,*1/*1,432.0,1115.0,,,,
3405212,*1/*1,*1/*5,,,3491.0,,,
3408307,*1/*4,*9/*rs2297595+rs1801265,,752.0,,,,
3412590,*1/*1,*1/*5,,1797.0,,,,
3413719,*1/*1+rs10509681,*5/*9,495.0,,,491.0,,
3420084,*1/*1,*1/*1,,631.0,,,,
3421240,*1+rs10509681/*1+rs10509681,*1/*1,,,,21.0,,
3424263,*1/*1+rs10509681,*5+rs1801265/*9,154.0,1559.0,,,,
3429671,*1/*1,*9/*9,,661.0,,,,
3430730,*1/*1+rs10509681,*9+rs17376848/*rs2297595,4.0,,,,,
3435557,*1/*1+rs10509681,*5/*9,140.0,80.0,,,,
3435693,*1/*1,*9/*rs2297595,,2075.0,,,,
3437737,*1+rs10509681/*4,*1/*1,,67.0,,215.0,,
3439020,*1/*1,*5+rs2297595+rs1801265/*rs67376798,12.0,,,,,
3439033,*1/*1+rs10509681,*1/*5,346.0,406.0,,,,
3440887,*1/*1,*1/*1,,,,15.0,,
3441787,*1/*1,*1/*1,1592.0,,,,,
3444911,*1/*1+rs10509681,*4/*9,,39.0,,,,
3447171,*1/*1,*1/*5,,365.0,,,,
3447362,*1/*1,*9/*rs2297595,,2296.0,,,,
3447988,*1/*1,*5/*6,137.0,,,,,
3451464,*1/*1,*5/*9,,,,66.0,,
3451471,*1/*1,*1/*rs2297595,3301.0,,,,,
3456233,*1/*1,*1/*1,4469.0,,,,,
3463809,*1/*1,*9/*9+rs17376848+rs1801159+rs2297595,470.0,491.0,,358.0,,
3464532,*1/*1,*1+rs56038477/*9,,,4800.0,,,
3466643,*1/*1+rs10509681,*1/*1,,,,2263.0,,
3469736,*1/*1+rs10509681,*9+rs56038477/*9+rs56038477,35.0,279.0,,,,
3469940,*1+rs10509681/*1+rs10509681,*1/*1,139.0,,,,,
3475373,,,685.0,,,,,
3478930,*1/*1,*1/*1,417.0,,,,,
3480779,*1/*1+rs10509681,*5+rs17376848/*9,,,,841.0,,
3485192,*1+rs10509681/*1+rs10509681,*9/*rs2297595+rs1801265,119.0,,,,,
3485440,*1/*1+rs10509681,*1/*9,,,,1910.0,,
3486844,*1/*1,*1/*1,,179.0,,,,
3489895,*1/*1,*1/*1,760.0,,,695.0,,
3492177,*1/*1+rs10509681,*1/*1,113.0,,,162.0,,
3492398,*1/*1,*9/*rs17376848,617.0,,,,,
3494329,*1/*1,*1/*1,108.0,,,,,
3495551,*1/*1,*5+rs17376848/*6,846.0,,,,666.0,
3495701,*1/*1,*1/*9,1132.0,1181.0,,,,
3499181,*1/*1,*1/*1,398.0,1530.0,481.0,,,
3499694,*1/*1+rs10509681,*5/*rs2297595+rs1801159,3763.0,,,,,
3499932,*1/*1+rs10509681,*9/*rs17376848,,,,3492.0,,
3501348,*1/*1,*1/*1,145.0,,,,782.0,
3505219,*1/*1,*1/*5,3122.0,3106.0,,,,
3505514,*1/*4,*5/*9,985.0,,,,,
3506201,*1/*1,*9+rs56038477/*rs2297595,3139.0,,,3105.0,,
3507393,*1/*1,*1/*5,957.0,,,,,
3509961,*1/*1,*1/*1,12.0,,,19.0,,
3512891,*1/*1,*1/*rs2297595,,4168.0,,,,
3515451,*1/*1,*1/*1,52.0,136.0,,,,
3526167,*1/*1,*1/*1,1437.0,,,,,
3526741,*1/*1,*9/*rs2297595,,205.0,,,,
3530394,*1/*1,*1/*1,1169.0,,,,,
3533010,*1/*1,*1/*5,122.0,,,,,
3533826,*1/*1,*1/*1,,56.0,,,,
3536169,*1/*1,*5+rs1801265/*5+rs3918290+rs1801265,41.0,,,805.0,,
3539573,*1/*1,*1/*rs17376848,472.0,,,,,
3540590,*1/*4,*1/*1,,1411.0,,,,
3541266,*1/*2,*1+rs56038477/*9,,,,1246.0,,
3542742,*1/*1,*1/*1,485.0,,,402.0,,
3545632,*1/*1,*1/*1,4406.0,,4427.0,,,
3545927,*1/*1,*9/*rs17376848+rs1801265,,853.0,,,,
3546112,*1/*1,*rs2297595/*rs67376798,1319.0,,,24.0,,
3548697,*1/*1,*1/*5,1543.0,,,,,
3550467,*1/*1,*1/*9,61.0,,,,,
3552585,*1/*1,*5+rs17376848/*9,1577.0,,,,,
3558267,*1/*1+rs10509681,*1/*5,1094.0,,,1046.0,,
3562129,*1/*1,*9/*rs17376848,,,,57.0,,
3568776,*1/*1+rs10509681,*1/*5,14.0,,,,,
3571034,*1/*4,*1/*5,,1609.0,,,,
3572037,*1/*1,*5/*rs2297595,,,,,1850.0,
3572190,*1/*4,*1/*1,192.0,,,,,
3573017,*1/*1,*1/*9,,7.0,,,,
3573564,*1/*1,*1/*1,,,,4331.0,,
3575124,*1/*1,*9/*rs17376848,,538.0,,,,212.0
3576698,*1/*4,*9/*9,1975.0,,1862.0,,1479.0,
3577872,*1/*1,*1/*1,,1047.0,,,,
3580056,*1/*1,*5+rs1801265/*rs2297595,26.0,,,,,
3580074,*1/*1+rs10509681,*1/*9,,323.0,,,,
3582567,,,,,11.0,27.0,,
3583368,*1/*2,*6/*9,3701.0,,,,,
3589774,*1/*1,*1/*4,,,,634.0,,
3590933,*1/*1+rs10509681,*5/*9,1208.0,,,,2578.0,
3591308,*1/*1,*9+rs56038477/*rs17376848,938.0,973.0,,,,
3591327,*1/*1,*1/*rs17376848,,30.0,,,,
3595355,*1/*1+rs10509681,*6/*9,51.0,,,,,
3598478,*1/*1+rs10509681,*5+rs56038477/*9,,236.0,,,,
3602336,*1/*1+rs10509681,*5/*9,,,334.0,,,
3603811,*1/*4,*1/*6,,941.0,,,,
3603824,*1/*1,*5/*9,592.0,563.0,,,,
3604298,*1/*1,*6+rs1801265/*rs2297595,255.0,244.0,,227.0,,
3605082,*1/*1,*1/*1,1033.0,1019.0,,,,
3605519,,,1768.0,,,,,
3605563,*1/*1+rs10509681,*6+rs1801265/*rs2297595,,4385.0,,,,
3607767,*1/*1,*1/*1,5.0,2337.0,,,,
3609634,*1/*1+rs10509681,*1/*rs67376798,2169.0,2239.0,,,,
3609846,*1/*1,*1/*5,7247.0,,7324.0,,,
3613949,*1/*4,*5+rs1801265/*rs2297595,82.0,,80.0,,,
3617127,*1/*1,*9/*9+rs1801159+rs56038477+rs2297595,1573.0,,,1841.0,,
3617645,*1+rs10509681/*4,*1/*1,1249.0,,,,,
3623277,*1/*1,*1/*5,186.0,,,,,
3624933,*1/*1,*9/*9,1066.0,,,,,
3628915,*1/*4,*5/*rs2297595,,2722.0,,,,
3630659,*1/*1+rs10509681,*1/*5,,2936.0,,,,
3631390,*1/*1,*1/*9,,,,815.0,,
3635863,*1/*1+rs10509681,*4/*5,,1662.0,,1609.0,,
3636516,*1/*1+rs10509681,*5+rs1801265/*9,,,138.0,,,
3641559,*1/*1,*9/*rs2297595,,2539.0,,,,
3641923,*1/*1,*9/*rs2297595,2944.0,,,,,
3645926,*1/*1,*1/*1,,,,695.0,,
3646907,*1/*1,*5/*rs67376798+rs1801159,301.0,679.0,,,,
3648751,*1/*1+rs10509681,*1/*5,1836.0,,,,,
3649594,*1/*1,*1/*5,,,61.0,,,
3651566,*1/*4,*6+rs1801265/*rs2297595,,7916.0,,,,
3651609,*1/*1+rs10509681,*1/*9,2626.0,3089.0,,,,
3651893,*1/*1+rs10509681,*1/*1,648.0,,,675.0,,
3654525,*1/*4,*1/*1,167.0,,,,,
3654684,*1/*1,*1/*1,,4506.0,,,,
3656027,*1/*2,*1/*1,1144.0,,,,,
3657405,*1/*1,*6/*9,,,,718.0,,
3659009,*1/*1+rs10509681,*1/*1,224.0,,,,,
3661121,*1/*1,*4/*6,390.0,,,348.0,,
3666843,*1/*1,*1/*5,220.0,177.0,,,,
3668285,*1/*1+rs10509681,*5/*6,695.0,1351.0,,,,
3686632,*1/*1,*5+rs56038477/*9,,,,85.0,,
3687154,*1/*1,*1/*5,,1171.0,,,,
3687706,*1/*1,*1/*5,,,,,14.0,
3690831,*1/*1,*1/*1,,3709.0,,,,
3695914,*1/*1,*5+rs1801265/*rs2297595,220.0,,,,,
3696573,*1+rs10509681/*4,*1/*5,122.0,,,,,
3697762,*1/*4,*1/*1,189.0,86.0,,170.0,,
3698351,*1/*1,*1+rs56038477/*5,,157.0,,,,
3699657,*1/*1,*1/*5,,,,2988.0,,
3701887,*1/*1+rs10509681,*9/*rs2297595,,28.0,,,,
3707876,*1/*1+rs10509681,*1/*5,,,17.0,,,
3711977,*1/*1,*1/*5,,232.0,,,,
3713539,*1/*4,*5+rs1801265/*rs2297595,78.0,,,,,
3713761,*1/*1+rs10509681,*1/*5,,2784.0,,,,
3715804,*1/*1,*9/*rs17376848,,2754.0,,6541.0,,
3720407,*1/*1,*1/*9,77.0,152.0,,,,
3720794,*1/*1,*9/*9,,937.0,,,,
3722940,*1+rs10509681/*1+rs10509681,*1/*1,28.0,132.0,,320.0,,
3726594,*1/*1,*1/*1,,,,2652.0,,
3732638,*1/*1,*1/*5,,84.0,,,,
3733487,*1/*4,*5/*5,64.0,,,,,
3735860,*1/*1,*1/*5,5.0,,,48.0,,
3737092,*1/*1,*1/*1,65.0,102.0,,,,
3741045,*1+rs10509681/*4,*1/*9,50.0,,,4.0,,
3741732,*1/*4,*1/*9,2446.0,,,,3483.0,
3742335,*1/*1,*1/*6,329.0,,,,,
3743038,*1/*1,*9/*rs2297595,18.0,,,,,
3743244,*1/*1,*rs2297595/*rs2297595+rs1801160+rs1801265,955.0,,,,817.0,
3743822,*1/*1,*1/*9,728.0,,,,,
3745043,*1/*1,*1/*1,0.0,,,,,
3745065,*1/*1,*5/*5,,2267.0,,,,
3746375,*1/*1,*1/*5,23.0,,,,,
3746960,*1/*1,*9/*rs2297595,1164.0,1143.0,,,,
3747157,*1/*1,*1/*1,,,,1777.0,,
3748643,*1/*1+rs10509681,*1/*1,6124.0,,,,,
3749908,*1/*1,*1/*1,1193.0,1265.0,,,,
3750559,*1/*1,*1/*rs17376848,634.0,,626.0,,,
3751312,*1/*1,*5+rs1801265/*rs2297595,909.0,,,955.0,,
3759195,*1/*1+rs10509681,*1/*5,150.0,1064.0,,2.0,,
3764798,*1/*1,*1/*1,188.0,,,,,
3766317,*1/*1,*1/*5,256.0,,,,,
3769790,,,36.0,,,,,
3769950,*1/*1,*1/*rs2297595,,,28.0,,,
3771741,*1+rs10509681/*4,*1/*1,,,,43.0,,
3774496,*1/*1,*1/*9,,3802.0,,3835.0,,
3774709,*1/*1,*1/*5,4241.0,4190.0,,,,
3775468,*1/*1,*1/*5,6.0,,,,,
3776297,*1/*1,*1/*5,319.0,,,,,
3779532,*1/*1+rs10509681,*1/*1,75.0,,,871.0,,
3780071,*1/*1,*1/*5,,39.0,,,70.0,
3782585,*1/*1,*6/*9,1233.0,4226.0,,,,
3787784,*1/*1,*1/*1,,7.0,,,,
3788979,*1/*1,*9/*rs17376848,,,,2475.0,,
3790079,*1/*1,*1/*1,631.0,,,,,
3804329,*1/*1+rs10509681,*1/*1,,,,,4.0,
3805549,*1/*1,*5/*9+rs1801159,3357.0,,,,,
3807446,,,,,,2043.0,,
3807768,*1/*1,*9/*rs2297595+rs1801265,0.0,,,,59.0,
3808453,*1/*1,*9/*9+rs1801159+rs2297595,,,,769.0,,
3812080,*1/*1,*1/*5,2165.0,2229.0,,,,
3814887,*1/*1+rs10509681,*1/*1,1567.0,,,1668.0,,
3819109,*1/*1,*1/*9,5390.0,,,,,
3819604,*1/*1,*1/*1,,,,727.0,,
3822124,*1/*4,*9+rs2297595/*rs2297595+rs1801265,1628.0,,,1588.0,,
3826814,*1/*1,*1/*1,,406.0,,,,
3829420,*1/*1,*1/*rs2297595,,82.0,,,,
3833834,*1/*1,*9/*9+rs1801159+rs2297595,,746.0,,,,
3835480,*1/*1+rs10509681,*1/*1,82.0,,,,,
3840785,*1/*1,*1/*9,,,,864.0,,
3840974,*1/*1,*1/*9,,1749.0,,,,
3841310,*1/*1,*9/*rs17376848,,,9.0,,,
3842893,*1/*1,*1/*1,311.0,,163.0,749.0,,
3845025,*1/*1+rs10509681,*1/*5,,,,576.0,,
3850006,*1/*1,*9/*rs2297595,,1524.0,,,,
3850077,*1/*1,*1/*9,1390.0,1449.0,,,,
3850730,*1/*1+rs10509681,*9/*rs2297595,38.0,239.0,,,,
3851008,*1/*1,*1/*5,891.0,,,,,
3857319,,,,3793.0,,3769.0,,
3859739,*1/*1,*5/*rs67376798,,4242.0,,,,
3863534,*1/*1+rs10509681,*5+rs17376848/*9,25.0,,,,,
3866061,*1/*1+rs10509681,*9+rs2297595/*rs2297595+rs1801265,2797.0,,3286.0,3099.0,,
3866485,*1/*1,*5/*9,,2218.0,,,,
3867629,*1/*1,*1/*9,35.0,,,,,
3868347,*1/*4,*1/*1,,,,1899.0,,
3868769,*1/*4,*1/*1,1579.0,1637.0,,,,
3870852,*1/*1,*6/*9,,1567.0,,,,
3872589,*1/*1+rs10509681,*5+rs17376848/*9,3280.0,3295.0,,,,
3874259,*1/*1,*5/*9,1047.0,,,,,
3875731,*1/*1,*1/*1,4320.0,,,4284.0,,
3876535,*1/*1+rs10509681,*1/*5,,,,1236.0,,
3876639,*1/*1,*5/*9,594.0,,471.0,,,
3879258,*1/*1,*1/*1,,224.0,,,,
3880080,*1/*1,*9+rs17376848/*rs2297595,,1013.0,,,,
3880756,*1/*1+rs10509681,*5+rs1801265/*rs2297595,154.0,202.0,,,,
3882590,*1/*4,*1/*1,1890.0,,,,,
3883105,*1/*1,*5/*9+rs1801159,30.0,,,,517.0,
3891323,*1/*1,*1/*9,179.0,,,,,
3894882,*1/*1,*9/*9+rs17376848+rs2297595,97.0,,,,,
3897179,,,,,,33.0,,
3899139,*1/*1,*1/*1,385.0,,,,,
3899930,*1/*1,*1/*rs17376848,,,,1132.0,,
3901966,*1/*1,*1/*9,,88.0,,,,
3908122,*1/*1,*1/*1,46.0,,135.0,,,
3909131,*1/*1,*1/*1,31.0,,,,,
3909263,,,1400.0,,,,,
3917308,*1/*1+rs10509681,*1/*1,2008.0,,,1952.0,,
3919915,*1/*1,*1/*rs2297595,1647.0,1573.0,,,,
3921879,*1/*1,*1/*1,824.0,,,,,
3923307,*1/*1,*5+rs56038477/*9,5892.0,5775.0,,,,
3923606,*1/*1+rs10509681,*1/*9,64.0,,,,,
3930448,*1/*1+rs10509681,*9+rs17376848/*rs2297595,24.0,303.0,,328.0,,
3931747,*1/*1+rs10509681,*6+rs1801265/*rs2297595,,896.0,,,,
3931926,*1/*1+rs10509681,*4/*9,,1132.0,,,,
3932566,*1/*1,*5/*9,116.0,152.0,,,,
3934327,*1/*4,*1/*1,748.0,,,,,
3942345,*1/*4,*5+rs1801265/*rs2297595,77.0,,,,,
3944085,*1/*1+rs10509681,*5+rs17376848/*9,,1284.0,,,,
3946637,*1/*1,*1/*1,,,,1818.0,,
3949385,*1/*4,*1/*1,78.0,,,,,
3949813,*1/*1,*9/*9,,159.0,,,,
3951502,*1/*1,*1/*rs2297595,88.0,,,,,
3954618,*1/*1,*1/*9,,,,,172.0,
3957323,*1/*1,*1/*1,1039.0,480.0,,1040.0,,
3960498,*1/*1,*1/*5,,,,,1248.0,
3961388,*1/*1,*1/*9,,,,28.0,,
3962664,*1/*1,*1/*rs2297595,,1732.0,,,,
3964436,*1/*1,*9/*rs17376848,,,,57.0,,
3967699,*1/*1+rs10509681,*1/*1,,227.0,139.0,,,
3967973,*1/*1,*5+rs1801265/*rs2297595,2057.0,,,2162.0,2118.0,
3968445,*1/*1,*5/*9,216.0,,,,,
3968604,*1/*1,*1/*4,397.0,,,,,
3969799,*1/*1+rs10509681,*1/*1,,1363.0,,,,
3973747,*1/*1,*9/*rs2297595,,860.0,,,,
3974787,*1/*1,*1/*5,,1576.0,,,,
3975600,*1/*1,*9/*9+rs17376848+rs2297595,,605.0,,,,
3976368,*1/*1,*1/*5,53.0,,,,,
3981020,*1/*1+rs10509681,*1/*rs17376848,,,,20.0,,
3981827,*1/*1,*1/*5,,51.0,,,,
3983082,*1/*1,*6/*rs2297595,,,,104.0,,
3984034,*1/*1,*9/*rs17376848,575.0,,,,613.0,
3988238,*1/*1,*1/*5,,,,46.0,,
3988596,,,390.0,,,,,
3989993,*1/*1,*1/*1,72.0,31.0,,,,
3990528,*1/*1,*9+rs17376848/*rs2297595,,610.0,,,,
3990633,*1/*1+rs10509681,*1/*9,603.0,,,718.0,,
3991554,*1/*1,*1/*6,,39.0,,,,
3993154,*1/*1,*1/*1,,,,23.0,,
3993336,*1/*1,*1/*1,87.0,18.0,,,,
3993480,*1/*1,*9/*rs2297595,135.0,384.0,,,,
3998800,*1/*1,*1/*5,,2436.0,,,,
4001697,*1/*1,*1/*1,43.0,,,,,
4006221,*1/*1,*9/*rs2297595,,3513.0,,3079.0,,
4006288,*1/*1,*1/*5,2845.0,,,,,
4007290,*1/*1,*6/*9,,261.0,,,,
4009192,*1/*1,*1/*5,1.0,,,,,
4009225,*1/*1,*1/*1,1208.0,,,,,
4010904,*1+rs10509681/*4,*1/*1,16.0,,,,,
4015223,*1/*1,*4/*9,,,,102.0,,
4015387,*1/*1,*6+rs56038477/*9,523.0,,,489.0,,
4015814,*1/*1,*9/*rs2297595,319.0,307.0,,,,
4016122,*1/*1,*1/*9,29.0,,,,,
4017537,*1/*1,*9/*rs17376848,1177.0,,,1162.0,,
4019269,*1/*1,*1/*9,,1101.0,,,,
4019594,,,182.0,156.0,,,,
4022636,*1/*1+rs10509681,*1/*5,17.0,,,,,
4023730,*1/*1,*5+rs1801265/*rs2297595,30.0,,,,,
4027311,*1/*1+rs10509681,*5/*9,787.0,946.0,,,,
4028318,*1/*1,*1/*1,126.0,,,,,
4029862,*1/*1,*1/*5,1040.0,1748.0,1784.0,,,
4029911,*1/*1,*1/*9,,,,1293.0,,
4030148,*1/*4,*1/*5,,154.0,,,,
4032957,*1/*1,*1/*5,804.0,793.0,261.0,,,
4033223,*1/*1+rs10509681,*9/*rs17376848,,340.0,,,,
4034083,*1/*1+rs10509681,*5/*9,,898.0,,,,
4034305,*1/*1+rs10509681,*1/*5,158.0,137.0,,,,
4036636,,,301.0,335.0,,,,
4036780,*1/*1,*1/*1,49.0,,,,,
4037578,*1/*1+rs10509681,*1/*1,1418.0,,,,,
4039426,*1/*1,*1/*5,1453.0,3808.0,,,,
4042212,*1+rs10509681/*1+rs10509681,*9/*rs67376798,1344.0,,,,,
4043222,*1/*1,*1/*1,228.0,342.0,,,,
4046560,*1/*1+rs10509681,*9/*rs2297595+rs1801265,,204.0,,470.0,,
4047147,*1/*1,*5+rs56038477/*9,18.0,,,,,
4049521,*1/*1+rs10509681,*1/*5,921.0,958.0,,,,
4051290,*1/*1,*1/*5,,224.0,,,,
4051405,*1/*1,*9/*rs2297595,199.0,,913.0,,,
4054705,*1/*1,*1/*1,28.0,,,,,
4055827,*1/*1,*9/*9,593.0,,,,,
4060828,*1/*1+rs10509681,*1/*2A,322.0,,,440.0,,
4062480,*1/*1,*9/*rs2297595,,3729.0,,,,
4063219,*1/*1+rs10509681,*1/*1,427.0,640.0,139.0,587.0,,
4064452,*1/*1,*1/*1,116.0,102.0,,,,
4067395,*1/*1,*1/*1,,3120.0,,,,
4069760,*1/*1,*9/*9,27.0,,,,,
4070474,*1/*1,*1/*5,64.0,150.0,,,,
4073837,*1/*1,*6+rs1801265/*rs2297595,1563.0,,,,,
4074609,*1/*1,*4/*5,,3212.0,,,,
4077428,*1/*4,*9/*9+rs1801159+rs2297595,22.0,,,,,
4080422,*1/*1,*9+rs17376848/*rs2297595,,277.0,,301.0,,
4080818,,,,3537.0,,,,
4081621,*1/*4,*9/*rs2297595,,,6.0,,,
4082486,*1/*1+rs10509681,*1/*1,62.0,,,,,
4083296,*1/*1,*9/*rs2297595,1517.0,1487.0,,51.0,,
4084619,*1/*1,*1/*rs2297595,,,,2015.0,,
4085320,*1/*1,*1/*1,,4266.0,,,,
4086858,*1/*4,*9/*9+rs17376848+rs2297595,,195.0,296.0,,,
4090517,*1/*1,*1/*1,717.0,,,193.0,,
4091696,*1/*1+rs10509681,*5/*rs2297595,6032.0,,,,,
4093762,*1/*1,*1/*1,457.0,434.0,,,,
4094482,*1/*1,*9/*rs2297595,2812.0,817.0,,,,
4094939,*1/*1,*1/*9,,,,2225.0,,
4095701,*1/*1,*1/*1,247.0,469.0,,,,
4099190,*1/*1+rs10509681,*1/*1,,747.0,,,,
4101900,*1/*1,*9/*rs2297595,,28.0,,,,
4114316,*1/*1,*5/*9,1805.0,1763.0,,,,
4114551,*1/*1+rs10509681,*1+rs56038477/*9,118.0,,,83.0,,
4114856,*1/*1,*1/*1,336.0,,,373.0,,
4117374,*1/*1,*1/*9,184.0,498.0,,,498.0,
4118504,*1/*1,*5/*9+rs1801159,37.0,,,,,
4120861,*1/*1,*9+rs56038477/*9+rs56038477,,794.0,,,,
4123876,*1/*1,*9+rs17376848/*rs2297595,,,,24.0,,
4128250,*1/*1,*1/*rs2297595,,66.0,,,,
4129638,*1/*4,*5+rs1801265/*9,,3959.0,,,,
4130423,*1/*1,*1/*5,,2404.0,,,,
4135960,*1/*1,*5/*5,,107.0,,,,
4136796,*1/*1,*1/*5,1804.0,,,1937.0,,
4137566,*1/*1,*1/*5,,,,1780.0,,
4142541,*1/*1,*rs2297595/*rs17376848,,,,208.0,,
4143820,*1/*1,*1/*6,48.0,,,23.0,,
4145874,*1+rs10509681/*4,*1/*5,,,,866.0,,
4149223,*1/*1,*1/*1,745.0,697.0,,,,
4152443,*1/*1,*1/*1,1970.0,,,1514.0,,
4158617,*1/*1,*5/*5,369.0,,,,,
4160006,*1/*1,*1/*rs2297595,1565.0,4917.0,,,,
4160264,*1/*1,*5/*9,1443.0,,1049.0,,,
4163119,*1/*1,*5/*9+rs1801159,,563.0,,,,
4164305,*1/*1+rs10509681,*9/*rs2297595,,,,14.0,,
4168761,*1/*2,*1/*1,206.0,,31.0,,,
4170824,*1/*1,*5/*9+rs1801159,,179.0,,,,
4171835,*1/*1,*9+rs17376848/*rs2297595,,762.0,,,,
4173965,*1/*1,*1/*6,225.0,,,,,
4177320,*1/*1,*1/*1,1.0,,,,,
4180965,*1/*1+rs10509681,*1/*9,2050.0,2048.0,,,,
4181316,*1/*1,*1/*9,,765.0,,,,
4183628,*1/*1,*1/*5,118.0,,,,,
4185481,*1/*1,*9+rs2297595/*rs2297595+rs1801265,330.0,,,,34.0,
4188938,*1/*1,*5+rs17376848/*9,58.0,45.0,,,,
4192342,*1/*1,*1/*5,761.0,,,808.0,,
4192532,,,142.0,,,97.0,,
4195460,*1/*2,*5/*9,,632.0,,93.0,,
4195762,*1/*1,*1/*1,,,,1371.0,,
4198059,*1/*1,*9+rs17376848/*rs2297595,12.0,,,,,
4198360,*1/*1+rs10509681,*1/*1,,,,866.0,,
4199610,*1/*1+rs10509681,*1/*1,693.0,608.0,54.0,,,
4199738,*1/*1,*1/*5,62.0,,,,,
4200865,*1/*1+rs10509681,*1/*4,,,,,9882.0,
4201695,*1/*1,*1/*1,15.0,,,57.0,,
4202451,*1/*1+rs10509681,*1/*4,,,,1569.0,,
4203073,*1/*1+rs10509681,*1/*5,791.0,737.0,77.0,,,
4203301,*1/*1+rs10509681,*5/*rs2297595,293.0,237.0,,,,
4209688,*1/*1,*1/*1,,1853.0,,,,
4211367,,,,1651.0,,,,
4212000,*1/*4,*5/*6,,18.0,,,,
4217665,*1/*1,*1/*5,,,,379.0,,
4220305,*1/*1,*9/*rs2297595,2445.0,,,,,
4224077,*1/*1,*1/*1,,424.0,,,,
4224501,*1/*1,*1/*5,394.0,332.0,,,,
4228901,*1/*1,*1/*1,,1559.0,,,,
4230001,*1/*1+rs10509681,*9/*9+rs17376848+rs56038477,,,,782.0,,
4230195,*1/*1,*9+rs2297595/*rs2297595+rs1801265,,378.0,,,,
4234805,*1/*1,*1/*1,351.0,,,,914.0,
4235850,*1/*1,*1/*1,119.0,,,18.0,275.0,
4237746,*1/*1+rs10509681,*1/*9,,,,4449.0,,
4239170,*1/*1,*1/*1,52.0,,,,,
4245495,*1/*4,*1/*9,314.0,265.0,,,,
4250695,*1/*1,*1/*1,,3920.0,,,,
4257620,*1+rs10509681/*1+rs10509681,*9/*9+rs17376848+rs2297595,,4290.0,,,,
4264725,*1/*1,*1/*5,2040.0,,,,,
4264824,*1/*1,*1/*1,,1444.0,,,,
4267178,*1/*1,*5+rs1801265/*rs2297595,,5.0,,,,
4269073,*1/*1,*9/*rs2297595,86.0,,,,,
4270035,*1/*4,*9/*rs2297595,13.0,51.0,,,,
4270224,*1/*1,*9/*rs17376848,,147.0,,,,
4272608,*1/*1,*1/*1,141.0,,,156.0,,
4273429,*1/*4,*9/*rs2297595,96.0,,,,,
4275111,*1/*1,*1/*rs2297595,664.0,,,1574.0,,
4277308,*1/*1,*1/*5,,3624.0,,,,
4278409,*1/*2,*1/*9,3763.0,,,,,
4280724,*1/*1,*1/*5,,1034.0,,,,
4284344,*1/*1+rs10509681,*5/*9,,1157.0,,,,
4287171,*1/*4,*5/*6,138.0,369.0,,,,
4287451,*1/*1+rs10509681,*1/*5,,244.0,,,,
4287693,*1/*4,*1/*1,1773.0,,,1788.0,,
4290196,*1/*1,*1/*1,1167.0,,,,,
4290379,*1/*1,*1/*1,1094.0,984.0,,,,
4292621,*1/*4,*5/*5,27.0,,,,,
4296247,*1/*1,*1/*rs2297595,62.0,,,47.0,,
4297520,*1/*4,*1/*5,,108.0,,,,
4302443,*1/*1,*1/*2A,,753.0,,746.0,,
4307110,*1/*1,*2A/*4,,1294.0,,,,
4307401,*1/*4,*1/*1,2.0,,,,,
4308087,*1/*4,*1/*5,18.0,,,,,
4312863,*1/*1,*5/*6,4601.0,,,,,
4318042,*1/*1+rs10509681,*9/*rs2297595,81.0,,,,,
4325220,*1/*4,*1/*5,30.0,,,,,
4326784,*1/*1,*1/*4,62.0,,,,21.0,
4328942,*1/*1,*9/*9+rs56038477+rs2297595,24.0,2.0,,,,
4330869,*1/*1,*1/*5,,1480.0,,,,
4330995,*1/*4,*4/*5,848.0,,,,,
4331834,*1/*1,*1/*9,342.0,,,,,
4332124,*1/*1,*1+rs56038477/*9,125.0,3.0,,,,
4332903,*1/*1,*5/*9,,451.0,,,,
4335079,*1/*1,*1/*1,1.0,,,,,
4335460,*1/*1,*9/*9+rs1801159+rs2297595,796.0,633.0,,,,
4344710,*1/*4,*9/*rs2297595,,,19.0,,,
4346530,*1/*1,*1/*1,,,,968.0,,
4347614,*1/*1,*1/*5,,,,1238.0,,
4347665,*1/*1,*5/*rs67376798,,,,824.0,,
4350511,*1/*1+rs10509681,*1/*5,,,,56.0,,
4355140,*1/*1,*1/*5,43.0,,,,,
4355603,*1/*1,*1/*1,3852.0,,,3759.0,,
4356931,*1/*1,*5/*9,,174.0,,,,
4362405,,,53.0,,,,,
4373658,*1/*4,*1/*1,,4.0,,,,
4375218,*1/*1,*1/*1,1843.0,1814.0,920.0,,,
4377025,*1/*1+rs10509681,*9/*rs2297595,124.0,,,,,
4379689,*1/*1,*1/*1,126.0,,,147.0,,
4381341,*1/*1,*1/*1,,32.0,,,,
4382990,*1+rs10509681/*4,*1/*1,,2131.0,,,,
4386606,*1/*1,*1/*9,2458.0,1324.0,,,,
4387726,*1/*1,*1/*5,3485.0,,,3889.0,,
4397055,*1/*1+rs10509681,*1/*rs2297595,246.0,,,,,
4397927,*1/*1,*5/*5,5913.0,,,,,
4397949,*1/*1,*6+rs1801265/*rs2297595,856.0,,,55.0,,
4398212,*1/*1,*1/*1,101.0,,,,,
4399998,*1/*1,*1/*9,,1770.0,,,,
4401069,*1/*1,*1/*5,,3481.0,,,3446.0,
4401255,*1/*1+rs10509681,*1/*rs17376848,,,,1188.0,,
4402309,*1/*1,*1/*9,2222.0,,,,2244.0,
4405804,*1/*1,*1/*rs17376848,,,110.0,,,
4406436,*1/*1,*1/*5,744.0,,,,,
4409810,*1/*4,*6/*9,2664.0,,,,,
4410340,*1/*1,*1/*1,17.0,,,,,
4412753,*1/*1+rs10509681,*1/*6,,70.0,,,,
4415071,*1/*1,*4/*rs17376848,,193.0,,166.0,,
4415934,*1/*4,*9+rs17376848/*rs2297595,,,,93.0,,
4416575,*1/*1,*1/*1,14.0,,,,,
4421616,*1/*1,*1/*5,1869.0,,,1647.0,,
4422875,*1/*1,*1/*5,33.0,,,,,
4426038,*1/*1,*1/*1,800.0,,,787.0,,
4428735,*1/*1,*5/*6+rs1801159,1.0,,,,,
4433542,*1/*1,*1/*5,,,,,206.0,
4433668,*1/*1,*9/*rs2297595,,33.0,,,,
4435787,*1/*1,*1/*1,387.0,,,,,
4437257,*1/*1,*1/*5,,346.0,265.0,,,
4437980,*4/*4,*1/*5,,52.0,,,,
4440622,*1/*1,*1/*1,,,,,116.0,
4441377,*1/*1,*6/*9,68.0,,,,,
4441803,*1/*1,*1/*5,822.0,,,,,
4442193,*1/*1+rs10509681,*1/*5,,,,782.0,,
4443035,*1/*1,*5+rs1801265/*9,13.0,2487.0,,,,
4445560,,,96.0,,152.0,101.0,,
4448445,*1/*1+rs10509681,*1/*1,1119.0,,,1074.0,,
4450337,*1+rs10509681/*1+rs10509681,*1/*9,454.0,,,,,
4450595,*1/*1,*1/*1,59.0,90.0,,,,
4452759,*1/*1,*5/*6,43.0,,,72.0,96.0,
4452814,*1/*1,*9/*rs2297595+rs1801265,72.0,,,,,
4457970,*1/*1,*1/*1,,,149.0,,,
4460564,*1/*1,*1/*1,,,,30.0,,
4461457,*1/*1,*1/*1,60.0,,,,,
4463998,*1/*1,*5/*9,411.0,,,,,
4464214,*1/*1,*1/*1,,,37.0,,,
4466425,*1/*1,*1/*1,166.0,630.0,,,,
4472994,*1/*1,*5/*9,,529.0,,,,
4478306,,,1486.0,,,,,
4486819,*1/*1,*9/*rs2297595,,,,,2995.0,
4489265,*1/*1+rs10509681,*1/*5,83.0,,,94.0,,
4489896,*1+rs10509681/*1+rs10509681,*5/*5+rs2297595+rs1801265,,78.0,,,,
4494807,*1/*4,*1/*5,167.0,1260.0,,101.0,,
4495977,*1/*1,*9/*rs2297595,78.0,,,,,
4497704,*1/*1+rs10509681,*1/*1,39.0,639.0,,428.0,,
4499098,*1/*1+rs10509681,*1/*5,211.0,,,235.0,,
4499499,*1/*4,*1/*9,,378.0,,,,
4502036,*1/*1,*9/*rs2297595,4045.0,4066.0,,,,
4510265,*1/*1+rs10509681,*1/*9,,258.0,,,,
4512700,*1/*1,*1/*1,,2048.0,,,,
4513383,*1/*1,*1/*9,359.0,,,,,
4514846,*1/*1,*9/*9+rs56038477,70.0,,,,,
4518007,*1/*1,*1+rs56038477/*9,,,,,2187.0,
4521949,*1/*1+rs10509681,*9/*rs2297595+rs1801265,,58.0,,,,
4522039,*1/*1,*1/*1,,,,47.0,,
4522043,*1/*1,*1/*1,607.0,,,,,
4525084,*1/*1+rs10509681,*4/*5,3050.0,,,,,
4525741,*1/*1,*9+rs2297595/*9+rs17376848+rs2297595,2921.0,3268.0,,1342.0,,
4526474,*1/*1,*1/*1,704.0,1914.0,,,,
4526888,*1/*1,*1/*9,1647.0,,,,,
4528706,*1/*1+rs10509681,*1/*5,134.0,,,,,
4529131,*1/*4,*1/*1,9069.0,,,,9034.0,
4530655,*1/*1+rs10509681,*6+rs1801265/*rs2297595,,,,1288.0,,
4532084,*1/*1,*5/*9,,52.0,,,,
4532363,*1/*1+rs10509681,*1/*5,,,,33.0,,
4533863,*1/*4,*5/*6,,3.0,,,,
4534107,*1/*4,*5/*rs17376848,727.0,,,,,
4535059,*1/*1+rs10509681,*5/*rs67376798+rs1801159,,20.0,,,,
4538142,*1/*1,*5/*5,167.0,207.0,,,,
4539689,*1/*1,*1/*9,3505.0,,,3524.0,,
4540345,*1/*1,*1/*5,6221.0,,,,,
4540989,*1/*1,*1/*1,1.0,,,,,
4545607,*1/*1,*1/*4,436.0,117.0,,,,
4549972,*1/*1,*1/*9,,74.0,,74.0,,
4551292,*1/*1,*1/*9,166.0,133.0,,,,
4552025,*1/*1+rs10509681,*9/*9,290.0,,,,,
4552388,*1/*1,*1/*9,,6927.0,,,,
4553999,*1/*1,*9/*rs67376798,,1747.0,,,,
4554479,*1/*1,*1/*1,293.0,792.0,,,,
4559348,*1/*1,*1/*5,,28.0,,,,
4559743,*1/*1+rs10509681,*1/*5,1985.0,1993.0,,,,
4566166,*1/*4,*1/*5,,,,51.0,,
4568541,*1/*1+rs10509681,*1/*5,,1167.0,,1179.0,,
4570320,*1/*1,*1/*1,29.0,,,27.0,,
4570553,*1/*1,*9/*rs2297595,39.0,,,,,
4571579,*1/*1,*1/*9,41.0,,276.0,,,
4572517,*1/*1,*1/*1,78.0,,,,,
4573521,*1/*1,*1/*1,1704.0,,,,,
4575049,*1/*1,*1/*9,,,,,10.0,
4577406,*1/*1,*1/*1,1777.0,,,,,
4584126,*1/*1+rs10509681,*1/*6,26.0,,,,,
4584770,*1/*1,*5/*6,936.0,,,,,
4584805,*1/*1,*1/*1,888.0,979.0,,,,
4587320,*1/*1,*1/*5,,446.0,,,,
4587371,*1/*1,*1/*9,83.0,,,,,
4588526,*1/*2,*1/*9,324.0,,,,,
4589019,*1/*1,*9/*9+rs17376848+rs56038477,1277.0,,,,,
4590260,,,,,,442.0,,
4590516,*1/*1,*1/*5,10.0,,,226.0,,
4596552,*1/*1,*1/*9,2836.0,,,,,
4596686,*1/*1+rs10509681,*1/*rs2297595,6031.0,,,5999.0,,
4597351,*1/*1,*1/*4,,849.0,,,,
4603508,*1/*1+rs10509681,*5/*6,76.0,,,,,
4606346,*1/*1,*5+rs1801265/*rs2297595,,,,6.0,,
4606980,*1/*1,*1/*5,,1721.0,,,,
4608517,*1/*1+rs10509681,*1/*5,40.0,,,,,
4611655,*1/*1,*5+rs1801160/*9,38.0,,,,,
4612284,*1/*1,*1/*1,,,,2412.0,,
4614154,*1/*1+rs10509681,*9/*rs2297595,1971.0,,,4443.0,,
4616015,*1/*1+rs10509681,*1/*1,2235.0,,,,,
4620218,*1/*1,*6/*9,699.0,,731.0,,,
4620873,*1/*1,*1/*9,3648.0,3680.0,,,,
4620934,*1/*1,*5/*9,19.0,,,,,
4624642,*1/*1,*1/*1,,4597.0,,,,
4624826,*1/*1+rs10509681,*5/*6,1646.0,1740.0,,,,
4625551,,,2573.0,,,,,
4625920,*1/*1+rs10509681,*1/*9,,,341.0,448.0,,
4629975,*1/*1,*5/*9,,,,2554.0,,
4636261,*1/*1,*9/*rs2297595,,,,2679.0,,
4637750,*1/*1+rs10509681,*1/*1,29.0,,,267.0,,
4642230,*1/*1,*5/*9,1166.0,,,,,
4642522,*1/*1,*5/*6,25.0,,,,,
4642898,*1/*1,*1/*1,,11.0,,,,
4643009,*1/*1,*1/*rs2297595,,262.0,,503.0,,
4645589,*1/*1,*1/*9,,,,591.0,,
4645808,*1/*1,*1/*9,3293.0,3286.0,,3377.0,,
4646286,*1+rs10509681/*1+rs10509681,*6/*6,321.0,,,,,
4648399,*1/*1,*1/*9,8915.0,,,525.0,8871.0,8894.0
4648924,*1/*4,*5+rs17376848/*9,,804.0,,,,
4651022,*1/*1,*1/*5,8.0,,,22.0,,
4651899,*1/*1+rs10509681,*9/*9+rs17376848+rs2297595,64.0,,,,,
4652348,*1/*4,*1/*5,84.0,74.0,,,,
4659392,*1/*1,*1+rs56038477/*9,3817.0,3909.0,,,,
4664864,*1/*1+rs10509681,*4/*9,,1652.0,,,,
4667320,*1/*1+rs10509681,*9/*9,280.0,,,1016.0,,
4670160,*1/*1+rs10509681,*9/*rs2297595,70.0,47.0,,,,
4670183,*1/*1,*1/*5,,2134.0,,,,
4673798,*1/*1+rs10509681,*1/*6,,,,,808.0,
4674973,*1/*1,*1/*rs2297595,1493.0,301.0,,,,
4676162,*1/*1+rs10509681,*1/*5,,1139.0,,,,
4678330,*1/*1,*9/*rs2297595,,2070.0,,,,
4678622,*1+rs10509681/*4,*1/*5,297.0,,,308.0,308.0,
4683740,*1/*1+rs10509681,*1/*9,,,,1434.0,,
4686429,*1/*1,*6/*9,,2687.0,,,,
4687325,*1/*1+rs10509681,*1/*1,,,,1160.0,,
4687361,*1/*1,*1/*1,404.0,,413.0,,,
4692366,*1/*1,*9+rs1801160+rs17376848+rs2297595/*9+rs2297595,4.0,,,,,
4692565,*1/*1,*1/*5,447.0,,,321.0,,
4693110,*1/*1,*5+rs1801265/*9+rs1801159,2464.0,,,,,
4693882,*1+rs10509681/*1+rs10509681,*1/*rs2297595,,,,2943.0,,
4695305,*1/*1+rs10509681,*5+rs1801265/*rs2297595,,,,35.0,,
4697764,*1/*1,*5/*9,,,,9.0,,
4702864,*1/*1,*1/*9,,,,2125.0,,
4703274,*1/*1,*1/*5,477.0,486.0,,,,
4706286,*1/*1,*1/*1,976.0,,,,,
4707690,*1/*1,*5/*9,1259.0,,,1576.0,,
4708784,,,2042.0,2096.0,,,,
4709625,*1/*1,*5/*9,3765.0,,,,,
4709745,*1/*1+rs10509681,*1/*1,38.0,,,,12.0,
4710931,*1/*1,*1/*6,,,,2344.0,,
4711371,*1/*1+rs10509681,*1/*9,,21.0,30.0,,,
4716839,*1/*1,*1/*1,,4219.0,,,,
4726105,*1/*4,*1/*4,,,,63.0,,
4727850,*1/*1,*1/*9,780.0,,,,,
4728893,*1/*4,*5/*9,2854.0,2826.0,,,,
4729300,*1/*1,*5+rs1801265/*rs2297595,28.0,,,,,
4731043,*1/*1,*9/*rs2297595+rs1801265,21.0,,,,,
4734159,*1/*4,*1/*rs2297595,715.0,676.0,,,,
4738343,*1/*1,*1/*1,3933.0,3911.0,,,,
4739597,*1/*1,*9/*rs17376848,,1.0,,298.0,,
4739980,*1/*1,*1/*1,688.0,,,,,712.0
4745620,*1/*4,*5/*rs2297595,,37.0,,,60.0,
4745757,*1/*4,*5+rs1801265/*rs2297595,200.0,320.0,,,,
4750058,*1/*1,*9/*rs2297595,,8.0,,,,
4750654,*1/*1+rs10509681,*1/*9,302.0,,,,,
4752997,,,296.0,317.0,,,,
4754639,*1/*1+rs10509681,*1/*1,249.0,,,,,
4757667,*1/*1,*6/*9,2962.0,2929.0,,,,
4759137,*1/*1,*1/*5,253.0,,,,,
4760473,*1/*1,*1/*9,8040.0,,,,,
4760965,*1/*1+rs10509681,*1/*4,2502.0,,,2511.0,,
4768352,*1/*1+rs10509681,*1/*1,1234.0,1381.0,,,,
4770692,*1/*1,*9/*9+rs17376848+rs2297595,214.0,,,,,
4774550,*1/*1,*1/*1,,29.0,,,,
4775634,*1/*1,*5/*9+rs1801159,2.0,118.0,,,,
4776949,*1/*1,*1/*1,,,,,242.0,
4778260,*1/*2,*9/*rs2297595,43.0,1618.0,,1492.0,,
4781955,*1/*1,*1/*1+rs56038477,,697.0,,,,
4784881,*1/*1,*9/*rs2297595,,,,,135.0,
4788486,*1/*1,*1/*1,6242.0,,,,6193.0,
4791561,*1/*4,*9/*rs2297595,,,,,802.0,
4793528,*1/*1,*1/*5,,527.0,,,,
4798177,*1/*1,*1/*1,2047.0,,,,,
4799409,*1/*1,*9/*rs2297595,5968.0,4561.0,,5884.0,,
4805105,*1/*1+rs10509681,*5/*9,,,,412.0,,
4805557,*1/*1+rs10509681,*6/*rs17376848,,1711.0,,,,
4806203,*1/*1,*1/*5,269.0,294.0,,,,
4808394,*1/*1,*1/*5,1840.0,2440.0,,,,
4808635,*4/*4,*9/*rs2297595,,962.0,,,,
4816632,*1/*1,*5/*rs2297595,,,,3806.0,,
4818054,*1/*1+rs10509681,*1/*5,422.0,3148.0,,,,
4819740,*1/*1,*1/*1,326.0,,,221.0,,
4823164,*1/*1+rs10509681,*9+rs56038477/*9+rs56038477,,3820.0,,,,
4826574,*1/*1,*9/*rs17376848,3.0,,,,,
4826919,*1/*1,*1/*5,,43.0,,,,
4834237,*1/*1,*5/*5,87.0,,,,,
4838898,*1+rs10509681/*1+rs10509681,*5/*9,,,,3258.0,,
4842224,*1/*1,*1/*5,251.0,,,34.0,,
4844443,*1/*1,*9/*rs17376848,1182.0,,,1217.0,,
4846979,*1/*1,*1/*1,149.0,,,,,
4849812,*1/*4,*1/*9,39.0,,,,,
4853499,*1/*1+rs10509681,*1/*9,2663.0,,,,,
4857649,*1/*1+rs10509681,*1/*1,3403.0,,,3451.0,,
4861910,*1/*1,*1/*rs2297595,277.0,,66.0,,,
4863900,*1/*1+rs10509681,*1/*1,,,,1412.0,,
4865153,*1/*1+rs10509681,*1/*1,,92.0,,,,
4868321,*1/*1,*9/*9+rs1801159+rs56038477,34.0,,,,,
4872922,*1/*1,*9/*rs17376848,61.0,,,,,
4873758,*1/*1,*1/*5,,,784.0,,,
4875230,*1/*4,*5/*9,166.0,504.0,,,,
4878047,*1/*1,*1/*1,172.0,,,,,
4880838,*1/*1,*1/*1,4.0,,,,,
4881459,*1/*1+rs10509681,*1/*9,20.0,,,,,
4882989,*1/*4,*1/*1,71.0,232.0,,,4.0,
4884202,*1/*1,*1/*9,1.0,,,,,
4884279,*1/*1+rs10509681,*5/*9+rs1801159,,972.0,,972.0,,
4888478,*1/*1,*1/*rs17376848,,1362.0,,1307.0,,
4889171,*1/*1,*5+rs1801160/*rs2297595,135.0,,,,,
4893789,*1/*1,*1/*1,1.0,184.0,,,,
4894629,*1/*1,*9/*rs17376848,1914.0,,,,,
4894773,*1/*1+rs10509681,*9/*rs17376848,,808.0,,,,
4895659,*1/*1,*5+rs56038477/*9,615.0,1581.0,,,,
4896328,*1/*1+rs10509681,*1/*5,,361.0,,,,
4896363,*1/*1,*5/*9,,503.0,,,,
4896436,*1/*1,*9/*rs17376848,991.0,,,,,
4898417,*1/*1,*1/*5,,907.0,,,,
4899343,*1/*1,*1/*1,16.0,,,,,
4900738,*1/*1,*1/*5,1532.0,1659.0,,,,
4903133,*1/*4,*5+rs1801265/*9,,1228.0,,,,
4904942,*1/*1+rs10509681,*5/*rs67376798+rs1801159,1.0,46.0,,,,
4906981,*1/*1+rs10509681,*1/*9,509.0,,557.0,,,
4907562,*1/*1+rs10509681,*1/*5,804.0,,,,,
4909582,*1/*1+rs10509681,*1/*1,3467.0,3595.0,,,,
4911867,*1/*1,*5/*rs2297595,,52.0,,,,
4913207,*1/*1,*1/*1,1923.0,,,,,
4916448,*1/*1,*5+rs1801265/*rs2297595,931.0,,,,,
4918560,*1/*1,*1/*1,,1776.0,,,,
4918764,*1/*1,*1/*rs2297595,,818.0,,,,
4920006,*1/*4,*1/*1,1802.0,,,2006.0,,
4920197,*1/*1,*6+rs1801265/*rs2297595,968.0,162.0,,,,
4923018,*1/*1,*9+rs2297595/*rs2297595+rs1801265,,5507.0,,,,
4926758,*1/*1,*9/*rs17376848,596.0,,,579.0,,
4931538,*1/*1,*1/*rs17376848,,,,2544.0,,
4931788,*1/*1,*1/*1,1484.0,,232.0,,,
4936275,*1/*1+rs10509681,*1/*1,720.0,,,101.0,101.0,
4936995,*1/*1,*1/*5,,601.0,,,,
4937160,*1/*1,*1/*5,,3636.0,,,,
4941235,*1/*1,*1/*rs2297595,1847.0,,,,,
4942134,*1/*1+rs10509681,*9/*rs2297595,67.0,,,,,
4943724,*1/*2,*1/*1,1036.0,,,1157.0,,
4944285,*1/*1,*1/*1,119.0,316.0,,,,
4953235,*1/*1,*1/*1,30.0,,,,,
4953609,*1/*1+rs10509681,*1/*rs2297595,6.0,,,,,
4954288,*1/*4,*1/*1,,2613.0,,,,
4955251,*1/*1,*5+rs17376848+rs1801265/*rs67376798,,3198.0,,,,
4958135,*1/*1,*1/*5,35.0,,,,,
4960551,*1/*1,*1/*5,22.0,,,,,
4961809,*1/*1,*1/*1,1452.0,,1432.0,,,
4963143,*1/*1,*5/*9,1322.0,1317.0,,,,
4966428,*1/*1,*5+rs1801265/*rs2297595,17.0,244.0,,,,
4971031,*1/*1+rs10509681,*1+rs56038477/*9,4800.0,,,4778.0,,
4981766,*1/*1,*1/*1,,,,1291.0,,
4983483,*1/*1,*1/*5,45.0,,,,,
4983925,*1/*1,*5/*9,14.0,,,,,
4985594,*1/*1+rs10509681,*1/*6,810.0,,,777.0,,
4985893,*1/*1,*1/*rs2297595,,31.0,,,,
4986459,*1/*1,*1/*6,22.0,,,,,
4989901,*1/*1,*1/*1,,1797.0,,1047.0,,
4991975,,,1275.0,1266.0,,,,
4997525,*1/*1,*5+rs1801160/*9,,193.0,,,,
5001057,*1/*1,*9/*9+rs17376848+rs2297595,226.0,277.0,,,,
5001546,*1/*1,*1/*5,,9.0,,,,
5003033,*1/*1,*1/*2A,47.0,,,,,
5003928,*1/*1,*5+rs1801265/*rs2297595,,1405.0,,,,
5004512,*1/*4,*1/*6,2001.0,,,1871.0,,
5006341,*1/*1,*5/*6,204.0,241.0,,,,
5009393,*1/*1,*5/*6,,21.0,,,,
5010231,*1/*1,*9/*9+rs17376848+rs2297595,,3765.0,,,,
5011589,*1/*1,*1/*9,48.0,,,,,
5014439,*1/*1,*9/*9,1.0,76.0,,,,
5014443,*1/*4,*4/*rs67376798,824.0,,,801.0,,
5018915,*1/*1,*1/*1,4373.0,4407.0,,,,
5021315,*1/*1,*5+rs17376848/*9,692.0,738.0,,,,
5027280,*1/*1+rs10509681,*1/*9,169.0,,,,,
5027520,*1/*1,*1/*1,22.0,,,,,
5028288,*1+rs10509681/*1+rs10509681,*9/*rs2297595,50.0,,,,,
5037701,*1/*1,*1/*1,,,,2989.0,,
5038913,*1/*1,*5/*9,,547.0,,,,
5040285,*1+rs10509681/*1+rs10509681,*6+rs1801265/*rs2297595,101.0,,,,,
5040499,*1/*1,*1/*5,733.0,,,,,
5042274,*1/*1+rs10509681,*5+rs1801160/*9,8.0,,,,,
5043057,*1/*1,*1/*1,15.0,,,,7.0,
5046026,*1/*1,*1/*rs2297595,358.0,154.0,,140.0,,
5048056,*1/*1+rs10509681,*1/*1,1300.0,,,1314.0,,
5049932,*1/*1,*1/*1,,,,17.0,,
5050294,*1/*1,*1/*1,,31.0,,,,
5051163,*1/*1+rs10509681,*1/*1,171.0,,,,,
5052063,*1/*1,*9+rs2297595/*rs2297595,,,,2279.0,,
5052141,*1/*1,*1/*1,337.0,377.0,,,,
5061435,*1/*1,*5+rs56038477+rs1801265/*rs2297595,251.0,268.0,,,,
5061469,*1/*1+rs10509681,*5/*5,206.0,1321.0,,,,
5063892,*1/*4,*9+rs17376848/*rs17376848,,,,7213.0,,
5065939,*1/*1,*1/*1,1519.0,1409.0,,,,
5071957,*1/*1,*1/*4,,7.0,,,,
5073781,*1/*4,*1/*9,,1533.0,,,,
5079081,*1/*1,*1/*6,461.0,,,113.0,,
5082354,*1/*1,*1/*5,,,,55.0,,
5084122,*1/*4,*1/*5,,,,60.0,,
5084413,*1/*1,*1/*5,,,,628.0,,
5086853,*1/*1,*1/*6,,,,,64.0,
5094731,*1/*1,*1/*1,,,,104.0,,
5102627,*1/*1,*5/*5,2265.0,3699.0,,,1375.0,
5107412,*1/*1+rs10509681,*2A/*rs2297595,27.0,3.0,,,,
5111923,*1/*1,*1/*4,61.0,,,,,
5112896,*1/*1,*1/*rs67376798,1010.0,,,1313.0,,
5112955,*1/*1,*1/*1,156.0,,,,,
5118300,*1/*1,*1/*1,,950.0,,,,
5119609,*1/*1,*9/*rs17376848,,,,4737.0,,
5119744,,,,455.0,,,,
5124725,*1/*1,*1/*5,,,,3331.0,,
5126518,*1/*1+rs10509681,*1/*1,2042.0,2776.0,,,,
5130050,*1/*1+rs10509681,*9/*rs17376848,,8439.0,,,,
5133786,*1/*4,*5/*rs2297595,,,,17.0,,
5134072,*1/*1+rs10509681,*1/*1,,,,1656.0,,
5135939,*1/*1,*9/*rs17376848,,,6.0,,,
5136874,*1/*1+rs10509681,*1/*5,,1446.0,,2559.0,,
5138349,*1/*1,*5/*rs67376798,399.0,,,,,
5139556,*1/*1,*1/*6,17.0,,27.0,,,
5140634,*1/*1,*1/*5,2918.0,,,2811.0,,
5141537,*1/*1,*1/*1,,,,39.0,76.0,
5142969,*1/*4,*1/*5,2652.0,,,2742.0,,
5147370,*1/*1,*6+rs17376848/*9,,1050.0,,,,
5147858,*1/*1,*9/*rs2297595,350.0,,,389.0,,
5151123,*1/*1+rs10509681,*1/*1,,,376.0,362.0,,
5157232,*1/*1+rs10509681,*1/*5,,2578.0,,,,
5165189,*1/*1,*1/*5,3874.0,,,,,
5165292,*1/*1,*1/*5,17.0,,,,,
5170892,*1/*1,*5/*9,2855.0,,,,,
5171542,*1/*4,*5/*5,,,62.0,,,
5173367,*1/*1,*1/*1+rs56038477,,1244.0,,,,
5173983,*1/*1,*1/*9,,,,692.0,,
5177501,*1/*1+rs10509681,*1/*rs17376848,,,,272.0,,
5178585,*1/*1,*rs2297595/*rs2297595,33.0,,,,,
5181692,*1/*1,*1/*rs2297595,219.0,167.0,,,,200.0
5182044,*1/*4,*9/*9,1938.0,2887.0,,,,
5184547,*1/*1,*9/*rs2297595,6950.0,,,6969.0,,
5191637,*1/*1,*5/*5,16.0,,,,,
5192423,*1/*1+rs10509681,*1/*rs2297595,,,,748.0,,
5192778,*1/*1,*1/*1,59.0,,,577.0,,
5196789,*1/*1,*9/*rs17376848,356.0,,,138.0,,
5197454,*1/*1,*1/*5,1162.0,,,,,
5200514,*1/*1+rs10509681,*1/*1,57.0,,,,,
5200717,*1/*4,*1/*rs17376848,104.0,211.0,,,200.0,
5200809,*1/*1,*1/*1,184.0,,,197.0,,
5202142,*1/*1+rs10509681,*1/*5,69.0,,,,,
5208264,,,,,,69.0,,
5210347,*1/*1+rs10509681,*1/*5,173.0,,,,,
5210828,*1/*1,*9/*rs17376848,425.0,50.0,,,,
5212882,*1/*1,*1/*1,,39.0,,,,
5214155,*1/*4,*1/*rs17376848,3589.0,,,,,
5214868,*1/*1,*1/*5,,,,3155.0,,
5219201,*1/*4,*5/*5,1129.0,1283.0,,,,
5222000,*1/*1,*1/*5,595.0,,,246.0,,
5222878,*1/*1,*1/*5,94.0,,,,,
5223425,*1/*4,*1/*6,,913.0,,,,
5224807,*1/*1,*1/*2A,,2209.0,,,,
5225112,*1/*1,*4/*5,,885.0,,,,
5230627,*1/*1+rs10509681,*1/*1,,59.0,,,,
5232304,*1/*1,*1/*1,,6.0,,,,
5234971,*1/*1,*1/*1,402.0,,,,29.0,
5237802,*1/*1,*9/*9+rs56038477+rs2297595,181.0,,,,,
5239535,*1/*1,*1/*6,,,,205.0,,
5240638,*1/*4,*1/*1,,,,45.0,,
5241118,*1/*1+rs10509681,*1/*5,248.0,,,,,
5243846,*1/*1,*1/*9,181.0,,,,,
5244135,*1/*1,*1/*1,,1096.0,,1042.0,,
5244593,*1/*1,*1/*4,2802.0,,,,,
5245481,*1/*1,*1/*1,,180.0,,,,
5246581,*1/*1,*5+rs1801265/*9,333.0,,,317.0,,
5246870,*1/*1,*1/*4,,739.0,,,,
5253799,*1/*1,*5+rs1801265/*rs2297595,,1242.0,,,,
5256037,,,,126.0,,,,
5256369,*1/*1,*1/*5,3562.0,,,3477.0,,
5260660,*1/*1,*1/*1,920.0,2141.0,,,,
5260986,*1/*4,*1/*5,392.0,433.0,,,,
5261382,*1/*1,*9/*9+rs56038477+rs2297595,83.0,,,,,
5263024,*1/*4,*5/*9,108.0,,,,,
5264536,*1/*1+rs10509681,*9/*rs2297595,1057.0,,,,,
5264666,*1/*1,*1/*1,,,,,265.0,
5264932,*1/*1,*2A+rs1801159/*9,,,725.0,,,
5267258,*1/*1,*1/*5,,698.0,,,,
5269171,*1/*1,*1/*1,,1382.0,,,,
5269813,*1/*1,*1/*1,,,,,1622.0,
5271040,*1/*1,*1/*1,1435.0,,,,,
5274201,*1/*1,*9+rs2297595/*rs67376798,3296.0,3350.0,,,,
5276318,*1/*1,*1/*9,,55.0,,,,
5276801,*1/*4,*1/*9,,14.0,,,,
5276875,*1/*1,*1/*1,193.0,249.0,,,,
5277004,*1/*1,*1/*5,,,,1099.0,,
5277627,*1/*1,*1/*1,1101.0,1050.0,,,,
5278007,*1/*1,*1/*5,,1890.0,,,,
5278986,*1/*1,*5/*9+rs1801159,3.0,,,,,
5279662,*1/*1+rs10509681,*5+rs1801265/*rs2297595,,894.0,,,,
5286654,*1/*1,*1/*4,,,,332.0,,
5286793,*1/*1+rs10509681,*9/*rs17376848,,196.0,,,,
5288559,*1/*1,*9/*rs2297595,,,,2805.0,1285.0,
5289764,*1/*1,*5/*6,,,,44.0,,
5290692,*1/*4,*1/*rs2297595,7422.0,,,,,
5291279,*1/*1+rs10509681,*9/*rs2297595+rs1801265,1125.0,1329.0,,,,
5292421,*1/*1,*1/*1,5037.0,,5086.0,,,
5295038,*1/*1,*1/*1,461.0,,,,,
5302345,*1/*1,*1/*4,,,,784.0,,
5302886,*1/*1,*1/*9,3770.0,3744.0,,,,
5306567,*1/*1,*5/*9,874.0,,,,,
5306987,*1/*1,*5/*5,,,,2441.0,,
5310275,*1/*1,*5/*9,127.0,,,,,
5310663,*1/*1,*6+rs1801265/*rs2297595,,7551.0,,,,
5311626,*1/*1,*1/*5,,2397.0,,,,
5314507,*1/*1,*5/*5,917.0,272.0,,,,
5316843,*1/*1,*5/*9,240.0,,,,,
5318204,*1/*1,*1/*1,669.0,,,795.0,,
5318241,*1/*1,*5/*5,25.0,,,,,
5319228,,,311.0,,,,,
5323849,*1/*1,*1/*5,1141.0,,,,,
5326531,*1/*1,*1/*1,,,,2104.0,,
5328893,*1/*1+rs10509681,*6+rs17376848+rs1801265/*rs2297595,2504.0,,,,2441.0,
5330262,*1/*1,*9/*9+rs56038477,61.0,,,,,
5331271,*1/*1,*1/*rs17376848,72.0,102.0,,,,
5333762,*1/*1+rs10509681,*1/*5,,6059.0,,,,
5336420,*1/*1,*1/*6,12.0,,,,,
5342098,*1/*4,*1/*1,2393.0,,,2365.0,,
5344065,*1/*1,*1/*5,226.0,598.0,,,,
5346266,*1/*1,*5/*6+rs1801159,51.0,23.0,,,,
5347170,*1/*1,*9/*9+rs1801160+rs17376848+rs2297595,795.0,,,859.0,,
5352768,*1/*1,*9/*9+rs17376848+rs1801159,761.0,790.0,,,,
5356178,*1/*1,*1/*5,,755.0,,,,
5357504,*1/*1+rs10509681,*1/*5,5429.0,,,,,
5358124,*1/*1+rs10509681,*1/*1,192.0,,,,,
5359137,*1/*1,*9/*9+rs17376848+rs1801159+rs2297595,,,6348.0,,,
5359767,*1/*1,*4/*rs2297595,,36.0,,,,
5361874,*1/*1+rs10509681,*5+rs1801265/*rs2297595,,,,4127.0,,
5365136,*1/*1+rs10509681,*1/*4,,,,1521.0,,
5366435,*1/*1+rs10509681,*5+rs1801265/*rs2297595,485.0,,,,,
5368871,*1/*1,*9/*rs17376848,5056.0,5122.0,,,,
5369457,*1/*1+rs10509681,*1/*5,233.0,272.0,,,,
5369484,*1/*1,*1/*1,2821.0,18.0,,,,
5373823,*1/*4,*1/*1,6.0,,,,,
5375275,*1/*1,*1/*1,,2567.0,,,,
5381422,*1/*1+rs10509681,*9/*rs2297595,3337.0,3442.0,,1533.0,,
5383442,*1/*1+rs10509681,*5/*9,228.0,,,,,
5385642,*1/*4,*5+rs1801160/*6,,1378.0,,,,
5386368,*1/*1,*1/*1,81.0,,,,,
5387917,*1/*1,*1/*1,,348.0,,,,
5390649,*1/*1,*1/*6,30.0,263.0,,,,
5393909,*1/*1+rs10509681,*9/*rs17376848,5716.0,,,,,
5394697,*1/*1,*1/*9,,2877.0,,,,
5396709,*1/*4,*rs17376848/*rs67376798,245.0,,,,,
5398807,*1/*1,*1/*9,,975.0,,,,
5399859,*1/*1,*1/*9,,,,,1866.0,
5403085,*1/*1,*1/*1,,,,,2343.0,
5406162,*1/*1,*1/*1,2161.0,2271.0,,,,
5406959,*1/*1+rs10509681,*5/*5,1714.0,,,,,
5409033,*1/*1,*5+rs1801265/*rs2297595,,2630.0,,,,
5413259,*1/*1,*5+rs1801265/*rs2297595,,,,3947.0,,
5413969,*1/*1,*1+rs56038477/*9,,4891.0,,,,
5418921,*1/*1+rs10509681,*1/*1,858.0,903.0,,,,
5419008,*1/*1,*1/*5,,,,92.0,,
5419367,*1/*1,*5/*9,3674.0,,,,,
5420985,*1/*1,*1/*9,,1594.0,,,,
5433559,*1/*1,*5+rs1801265/*rs2297595,,779.0,,,,
5433645,*1/*1,*1/*1,,,,1981.0,,
5440163,*1/*1,*1/*1,955.0,,,,,
5446232,*1/*1,*5/*9,,723.0,,,,
5446931,*1/*1,*5+rs1801265/*rs2297595,,822.0,,,,
5447021,*1/*1,*1/*5,741.0,,,,,
5448398,*1/*1,*5+rs1801160/*9,500.0,,,530.0,,
5450117,*1/*1,*5/*9,,67.0,,,,
5452058,*1/*1,*1/*5,,,,1484.0,,
5457944,*1/*1,*1/*9,,,896.0,,,
5461148,*1/*1,*1/*5,36.0,35.0,,,,
5461271,*1/*1,*1/*1,112.0,104.0,,,,
5461580,*1/*1,*5/*5,,2033.0,,,,
5462994,*1/*1,*1/*rs67376798,,935.0,,,,
5464133,*1/*1,*5/*9+rs1801159,,1824.0,,,,
5465196,*1/*1,*1/*1,8.0,,,,,
5467161,*1/*1,*9+rs2297595/*rs2297595+rs1801265,,163.0,,,,
5470182,*1/*4,*1/*5,,3863.0,,,,
5474277,*1/*1,*4/*5,,,,1420.0,,
5481756,*1/*1+rs10509681,*2A+rs1801159/*rs2297595,,,,1955.0,,
5482031,*1/*4,*1/*rs17376848,,139.0,,,,
5484018,*1/*1,*9/*rs2297595,1309.0,1340.0,,,,
5486653,*1/*1+rs10509681,*1/*9,236.0,,530.0,,,
5493080,*1/*4,*1/*1,304.0,194.0,,,194.0,
5494298,*1/*1+rs10509681,*5/*9,1052.0,,,,1077.0,
5495659,*1/*1+rs10509681,*5/*9,,5093.0,,,,
5499275,*1/*1,*5/*6,268.0,,262.0,268.0,,
5499822,*1/*1+rs10509681,*1/*5,,2791.0,,,,
5501658,*1/*1,*1/*4,,24.0,,,,
5502922,*1/*1,*1/*1,,,,,1125.0,
5504924,*1/*4,*1/*1,25.0,,,,,
5505057,*1/*1,*1/*1,1535.0,1453.0,,,,
5505319,*1/*4,*1/*1,,1487.0,,,,
5505345,*1/*1,*9/*rs17376848,,402.0,,,,
5507600,*1/*1,*9/*9+rs1801159+rs2297595,,,57.0,,,
5510147,*1/*1+rs10509681,*1/*1,195.0,,,37.0,,
5512387,*1/*1,*1/*5,,9623.0,,,,
5514383,*1/*1+rs10509681,*1/*5,,57.0,,,,
5515006,*1/*1,*5/*5,15.0,207.0,,,,
5517373,*1/*1,*5/*9,28.0,,,,174.0,
5518643,*1/*1+rs10509681,*9/*rs17376848+rs1801265,155.0,,,,,
5520739,*1/*1,*1/*1,129.0,,,428.0,,
5523023,*1/*1,*5/*rs17376848,,2905.0,,,,
5527731,*1/*1,*1/*9,,267.0,,,,
5528042,*1/*1,*1/*rs2297595,40.0,433.0,,,,
5529913,*1/*1,*1+rs56038477/*9,48.0,,,,,
5530282,,,2694.0,86.0,,,,
5530729,*1/*1,*1/*1,177.0,,,,,
5531456,*1/*1,*1/*6,885.0,,,,,
5535306,*1/*1,*1/*5,,21.0,,,,
5536009,*1/*1+rs10509681,*5/*6,303.0,,,,,
5537122,*1/*1,*1/*1,4091.0,,,,,
5538906,*1/*1,*5+rs17376848/*9,,362.0,,,,
5539193,*1/*1,*1+rs56038477/*9,,,,,9.0,
5540316,*1/*1,*1/*9,,,,1229.0,,
5544134,*1/*1+rs10509681,*1/*1,224.0,,,,,
5548896,*1/*1,*1/*9,,,,4702.0,,
5549790,*1/*1+rs10509681,*1/*1,626.0,600.0,,,,
5549844,*1/*1,*9/*rs67376798,,,,,515.0,
5550386,*1/*4,*5/*9,,,,10.0,,
5551906,*1/*1,*9/*rs2297595,545.0,,,,,
5552033,*1/*1,*1/*rs2297595,123.0,12.0,,,,
5552743,*1/*1,*9/*rs2297595,4.0,250.0,,226.0,,
5554526,*1/*1,*5/*5+rs1801160+rs1801265,109.0,,,,,
5555911,*1/*4,*1/*4,238.0,586.0,,,,
5556587,*1/*1,*1/*5,2903.0,,,,,
5559797,*1/*1,*1/*9,288.0,,,,,
5563147,*1/*1,*9/*rs17376848,,213.0,,,,
5563449,*1/*1+rs10509681,*1/*1,,,,2881.0,,
5566616,*1/*1+rs10509681,*9/*rs17376848+rs1801265,,,,8216.0,,
5568978,*1/*1,*9/*rs2297595,5563.0,5527.0,4966.0,859.0,,
5569028,*1/*1,*5/*9,90.0,,,,,
5569063,*1/*1,*9/*rs2297595,4483.0,,,4574.0,,
5571768,,,88.0,,,,,
5574754,*1/*4,*5/*5,4625.0,,,4688.0,,
5574994,*1/*1+rs10509681,*5/*rs17376848,1303.0,1292.0,,,,
5578116,*1/*1,*9/*9,,,,,1290.0,
5578622,*1/*1,*1/*1,,,685.0,,,
5581851,*1/*1,*1/*5,,,831.0,834.0,,
5582003,*1/*1,*1/*1,790.0,776.0,,,,
5584340,*1/*1,*1/*1,283.0,,,,,
5585075,*1/*1,*9/*rs2297595,,1024.0,,,,
5585245,*1/*1,*1/*1,13.0,,,,,
5585700,*1/*1,*1/*1,,194.0,,,,
5586306,*1/*1,*4/*5,56.0,,,,,
5586418,*1/*1+rs10509681,*1/*5,,440.0,,,,
5586690,*1/*1,*1/*5,,225.0,,,,
5591483,*1/*1,*1/*9,33.0,,,,,
5591535,*1/*1,*1+rs56038477/*rs2297595,1501.0,1195.0,,,,
5592123,*1+rs10509681/*4,*5/*9+rs1801159,1048.0,1073.0,,,,
5598170,,,,,,,4771.0,
5604297,*1/*1,*1/*1+rs56038477,385.0,,,,,
5605530,*1/*1+rs10509681,*5/*9,605.0,,940.0,,,
5605874,*1/*1,*1/*1,51.0,,,,,
5606013,*1/*1,*1/*1,315.0,,,,,
5612131,*1/*1,*1/*6,1061.0,4448.0,,,,
5612592,*1/*1,*1/*5,1495.0,2504.0,,2329.0,,
5612848,*1/*1,*9/*rs2297595,,,,2009.0,,
5613480,*1/*4,*1/*1,423.0,,,335.0,,
5615083,*1/*1+rs10509681,*5/*5,108.0,,,,,
5615188,*1/*1,*5+rs1801265/*rs2297595,,257.0,,,,
5618019,*1/*4,*5/*6,670.0,,,624.0,,
5620213,*1/*1,*5+rs1801265/*rs2297595,,,,,26.0,
5622987,*1/*1,*5/*6,146.0,,,,,
5623141,*1/*1,*1/*5,1083.0,,,,,
5623508,*1/*1,*1/*5,6215.0,,,,,
5624491,*1/*1,*5+rs56038477/*9,,224.0,,,,
5627171,*1/*1,*9/*rs2297595,,,,292.0,,
5627584,*1/*1,*1/*9,2629.0,2671.0,,,,
5627638,*1/*4,*1/*5,1852.0,2701.0,,2701.0,,
5628135,*1/*1,*1/*5,730.0,,,716.0,,
5629725,*1/*1+rs10509681,*9/*rs17376848,1251.0,,,839.0,,
5633364,*1/*1,*1/*5,2982.0,,,,,
5633754,*1/*1,*1+rs56038477/*9,1121.0,,,1162.0,,
5634134,*1/*1,*1/*9,,1841.0,,1879.0,,
5636481,*1/*1+rs10509681,*1/*1,,1307.0,,,,
5640249,*1/*1,*1/*1,348.0,327.0,222.0,,,
5642246,*1/*1+rs10509681,*1/*rs2297595,2894.0,,,2678.0,,
5649446,*1/*1+rs10509681,*1/*1,,,,721.0,,
5649818,*1/*4,*9/*rs2297595,972.0,84.0,,,,
5651027,*1/*1+rs10509681,*1/*9,343.0,,,,503.0,
5651716,*1/*1,*5/*5,,,,174.0,,
5654225,*1/*1,*9/*rs2297595,8.0,142.0,,,,
5655584,*1/*1,*4/*5,738.0,,,,,
5666429,*1/*1,*1/*9,,1445.0,,,,
5668667,*1/*1,*5/*5,76.0,46.0,,,,45.0
5671568,*1/*1+rs10509681,*5/*9,25.0,499.0,,,,
5674088,*1/*1,*1/*1,147.0,,,,,
5676900,*1/*1,*1/*5,2308.0,,,,,
5678037,*1/*1,*1/*1,6151.0,,,,,
5678378,*1/*1,*1/*5,,1083.0,,,,
5678975,*1/*1,*5/*5,,1871.0,,,,
5680080,*1/*1,*1/*5,1159.0,1213.0,1241.0,,,
5685649,*1/*1,*5+rs1801265/*rs2297595,,10.0,,286.0,,
5692712,*1/*1+rs10509681,*9/*rs2297595,8.0,881.0,,,,
5692771,*1/*1,*1/*6,569.0,1355.0,,,,
5695840,*1/*1,*5/*rs17376848,,,,801.0,,
5696015,*1/*1+rs10509681,*1/*9,1740.0,1657.0,,,,
5702758,*1/*1,*1/*9,5515.0,,,5493.0,,
5707413,*1/*1,*1/*5,,,,,,3804.0
5714494,*1/*1+rs10509681,*1/*1,274.0,0.0,,,,
5716207,*1/*1+rs10509681,*1/*5,,3061.0,,,,
5722322,*1+rs10509681/*1+rs10509681,*1/*1,,978.0,,,,
5722806,*1/*1,*1/*5,1882.0,2026.0,,,,
5723321,*1/*1,*1/*5,,978.0,,,,
5724679,*1/*1,*9+rs2297595/*rs2297595,1262.0,748.0,,,,
5728079,*1/*1,*5/*9+rs1801159,49.0,318.0,,,,
5728227,*1/*1,*5/*rs2297595,1063.0,1130.0,,,,
5728785,*1/*1,*1/*9,,13.0,,,,
5732393,*1/*1,*6+rs56038477/*9,56.0,,,,,
5734698,*1/*1,*9+rs2297595/*rs2297595,1668.0,,,1718.0,,
5735251,*1/*1,*1/*1,,304.0,,,,
5738714,*1/*1+rs10509681,*1/*5,,915.0,,,847.0,
5739327,*1+rs10509681/*1+rs10509681,*5/*9,219.0,,,,,
5741332,*1/*1,*1/*1,128.0,,,,,
5742772,*1/*1,*1/*1,369.0,,,363.0,,
5744036,*1/*4,*1/*rs17376848,3407.0,,,2495.0,,
5747208,*1/*1,*1/*1,,2329.0,,,,
5748080,*1/*1+rs10509681,*1/*5,563.0,,,,,
5748281,*1/*1,*5+rs2297595+rs1801265/*rs67376798,,,182.0,,,
5749981,,,,540.0,,,,
5751103,*1+rs10509681/*4,*1/*1,,813.0,672.0,,,
5752906,*1/*1,*9/*rs17376848,,,,174.0,,
5755234,*1/*1,*5/*5,,2847.0,,,,
5759917,*1/*1,*5/*5,364.0,,,,,
5765881,*1/*1+rs10509681,*1/*5,153.0,,,189.0,,
5766790,*1+rs10509681/*1+rs10509681,*1/*9,,93.0,,,,
5766858,*1/*1+rs10509681,*1/*rs17376848,2800.0,,,2833.0,,
5770971,*1/*1,*9/*rs2297595+rs1801265,111.0,444.0,,,,
5774839,*1/*1+rs10509681,*1/*1,1543.0,,,,,
5776077,*1+rs10509681/*1+rs10509681,*1/*1,,36.0,,,,
5782561,,,349.0,314.0,,,,
5785487,*1/*1+rs10509681,*1/*rs17376848,88.0,550.0,,,,
5786898,*1/*1,*1/*1,21.0,,,49.0,,
5788536,*1/*1,*1/*4,,,,4323.0,,
5791350,*1/*1,*1+rs56038477/*6,189.0,208.0,,,,
5794411,*1/*1,*9/*9,469.0,,,406.0,,
5796204,*1/*1,*9/*rs2297595,,206.0,,153.0,,
5797423,*1/*1+rs10509681,*1/*5,,,4568.0,,,
5800055,*1+rs10509681/*4,*1+rs56038477/*9,,,,1158.0,,
5802383,*1/*4,*5/*9,412.0,715.0,,,,
5804696,*1/*1+rs10509681,*9/*rs2297595,717.0,,,,,
5808712,*1/*1+rs10509681,*9/*9+rs56038477+rs2297595,284.0,,,,,
5808720,*1/*1,*1/*5,35.0,,,,,
5811459,*1/*1,*1/*5,,,,2685.0,,
5813457,*1/*1+rs10509681,*9/*9+rs1801159+rs2297595,,914.0,,,,
5819867,*1/*4,*1/*1,707.0,,,,,
5825131,*1/*1,*1/*rs2297595,,842.0,,,,
5825219,*1/*1+rs10509681,*1/*5,718.0,,,,,
5825937,*1/*1,*9/*rs2297595,670.0,,,1391.0,,
5826940,*1/*1+rs10509681,*1/*5,1131.0,,,,,
5828333,*1/*1,*5/*rs17376848,,,49.0,,,
5829057,*1/*1,*1/*rs17376848,2447.0,,,2305.0,,
5829546,*1/*4,*6/*9+rs1801160,398.0,,,63.0,,
5835703,*1/*1+rs10509681,*1/*1,921.0,1703.0,,,,
5837152,*1/*1,*1/*6,24.0,,,,,
5837387,*1/*1,*1/*5,70.0,,,,,
5837509,*1/*1,*1/*5,,,,17.0,,
5839903,*1/*1,*9/*rs2297595,31.0,,,,,
5842156,*1/*1,*5/*rs2297595,23.0,,,,,
5842214,*1/*1,*9/*9+rs17376848+rs1801159+rs2297595,171.0,153.0,,,,
5848197,*1/*1,*1/*1,22.0,,,50.0,,
5848946,*1/*1+rs10509681,*5/*9,,300.0,,,,
5850186,*1/*1,*1/*5,,1070.0,,,,
5859009,*1/*1,*9+rs2297595/*rs2297595+rs1801265,,570.0,,,,
5859658,*1/*1+rs10509681,*1/*1,,19.0,68.0,,,
5862599,*1/*1+rs10509681,*1/*1,,,,480.0,,
5864082,*1/*1,*5+rs56038477/*9,,270.0,,,,
5869252,*1/*1+rs10509681,*1/*rs2297595,,1025.0,,,,
5875269,*1/*1,*1/*1,,151.0,,,,
5878736,*1/*1+rs10509681,*1/*5,66.0,,,,,
5879145,*1/*1,*1/*6,14.0,,,,1039.0,
5880328,*1/*1,*4+rs1801159/*9,,,,5340.0,,
5884761,*1/*1,*1/*1,112.0,,,,,
5885724,*1/*1,*5/*5,,3477.0,,,,
5886139,*1/*1,*5+rs1801160+rs1801265/*rs2297595,,652.0,,,1009.0,
5886423,*1/*4,*6/*9,115.0,,,656.0,,
5888693,*1/*1+rs10509681,*1/*1,,440.0,,,,
5889620,*1/*1,*4/*9,178.0,49.0,,259.0,,
5890155,*1/*1,*1/*1,,2207.0,,,,
5890300,*1+rs10509681/*1+rs10509681,*1/*4,178.0,348.0,,,,
5893509,*1/*1,*9/*9+rs1801159+rs56038477,,34.0,,47.0,,
5896636,*1/*1+rs10509681,*5/*5+rs3918290+rs1801265,,713.0,,,,
5901500,*1/*1,*1/*9,153.0,,,,,
5903422,*1/*1,*1/*1,,881.0,,,,
5904291,*1/*1+rs10509681,*1/*6,,,,814.0,,
5904611,*1/*1,*9/*rs17376848,3544.0,,,,,
5908121,*1/*1+rs10509681,*1/*9,,11.0,,,,
5912803,*1/*4,*1/*1,498.0,,,564.0,,
5917859,*1/*1+rs10509681,*1/*1,89.0,,,,,
5920114,*1/*1,*5/*6+rs1801159,,4945.0,,,,
5920431,*1/*1,*9/*9+rs56038477,1198.0,,,,,
5920562,*1/*1+rs10509681,*1/*5,,,,1270.0,,
5921069,*1/*1+rs10509681,*5+rs17376848/*9,1336.0,,,1120.0,,
5921353,*1+rs10509681/*4,*9+rs2297595/*rs2297595,304.0,,,,,
5922538,*1/*1+rs10509681,*1/*1,18.0,,,,,
5922851,*1/*1+rs10509681,*1/*1,,491.0,,,,
5929061,*1/*1,*1/*9,932.0,,,,,
5935958,*1/*1,*1/*5,,,2730.0,,,
5936721,*1/*1,*1/*1,,,,102.0,,
5938286,*1/*1,*9/*rs17376848,6801.0,,,,,
5939170,*1/*1+rs10509681,*5/*9,249.0,,,,,
5940804,*1/*1,*1/*5,,,1095.0,,,
5942996,*1/*1,*1/*rs17376848,,,,47.0,,
5945242,*1/*1,*9/*rs17376848,2053.0,2168.0,,,,
5947649,*1/*4,*1/*1,30.0,,,,,
5948947,*1/*1,*1/*9,263.0,,226.0,,,
5952585,,,706.0,,,,,
5955028,*1/*4,*1/*1,1199.0,,,,,
5958571,*1/*1,*1/*6,181.0,252.0,,,,
5958711,*1/*4,*1/*5,475.0,462.0,,,,
5958979,*1/*1,*5/*6,,,536.0,,,
5964013,*1/*1,*1/*5,,33.0,563.0,,,
5964276,*1/*1,*1/*5,1336.0,,,497.0,,
5966217,*1/*1+rs10509681,*1/*1,2253.0,,,2301.0,,
5967616,*1/*1+rs10509681,*1/*1,29.0,,,36.0,,
5968584,*1/*1,*1/*5,8192.0,,,,,
5969301,,,2466.0,,,2407.0,,
5970992,*1/*1,*1/*1,11.0,1307.0,,,,
5972041,*1/*1,*1/*5,3385.0,,,,,
5972322,*1/*1,*5/*9,561.0,1610.0,,,,
5976779,*4/*4,*1/*5,,,,935.0,,
5979585,*1/*1+rs10509681,*9/*rs2297595+rs1801265,,,,3302.0,,
5981121,*1/*1,*5/*rs2297595,,1217.0,,,,
5984534,*1/*4,*1/*5,25.0,,,,,
5984779,*1/*1+rs10509681,*9/*9,,2489.0,,2489.0,,
5988146,*1/*1,*9/*rs2297595,,,,1362.0,,
5991610,,,15.0,,,140.0,,
5995383,,,894.0,,,,,
5996088,*1/*1,*1/*1,209.0,189.0,,,,
6002246,*1/*1,*1+rs56038477/*9,,,,,83.0,
6005559,*1/*1,*5/*9,719.0,,,,,
6006787,*1/*1+rs10509681,*1/*1,,,,27.0,,
6008385,*1/*1,*1/*9,,,,,21.0,
6009326,*1/*1,*5/*5,66.0,,,,,
6009702,*1/*1,*9/*rs2297595,,6223.0,,,,
6009804,*1/*1,*1+rs56038477/*9,523.0,,,502.0,,
6009924,*1/*1+rs10509681,*5/*rs2297595,,,163.0,,,
6011271,*1/*1+rs10509681,*5/*6,86.0,,,,,
6014579,,,2650.0,2638.0,,,,
6022438,*1/*1,*1/*1,646.0,685.0,,,,
