Drug (ATC Code),Genotype 1,Genotype 2,Mean Difference,p-value,Significant
L02BA01,*5/*9,*9/*rs2297595,-245.76567618828676,7.127273400036082e-06,True
L02BA01,*5/*9,*1/*5,-70.34375150958897,0.15549179800875101,False
L02BA01,*5/*9,*1/*1,-683.2915105044185,1.7355287140698444e-08,True
L02BA01,*5/*9,*1/*9,-516.6016281863073,0.0003997998281754748,True
L02BA01,*5/*9,*9/*rs17376848+rs1801265,-52.41150290996234,0.5927884844374753,False
L02BA01,*5/*9,*5/*5,-439.8897637795276,3.136665073550844e-21,True
L02BA01,*5/*9,Unknown,-4014.0845689743323,8.791777185152197e-86,True
L02BA01,*5/*9,*1/*4,480.69701307997656,3.8184936354337356e-26,True
L02BA01,*5/*9,*9/*rs2297595+rs1801265,491.1102362204724,3.757111607416363e-06,True
L02BA01,*5/*9,*9+rs2297595/*rs2297595,426.1102362204724,0.01252138689513526,True
L02BA01,*5/*9,*1/*6,-1412.8897637795276,6.186751923095678e-34,True
L02BA01,*5/*9,*5+rs56038477/*9,-779.8897637795276,2.314581406578524e-23,True
L02BA01,*5/*9,*1+rs56038477/*9,5.2051267314213305,0.9273604229561041,False
L02BA01,*5/*9,*9/*rs17376848,-6303.889763779527,1.5094459089759238e-122,True
L02BA01,*5/*9,*5+rs1801160/*9,-285.8897637795276,0.007224140616209641,True
L02BA01,*5/*9,*1/*2A,-518.8897637795276,0.010248462413046394,True
L02BA01,*5/*9,*5+rs1801265/*9,150.86023622047242,0.03381298801391099,True
L02BA01,*5/*9,*9/*9+rs17376848+rs1801159,-8829.889763779527,1.0119273334859181e-101,True
L02BA01,*5/*9,*5/*rs2297595+rs1801159,-3265.8897637795276,8.347499665488045e-74,True
L02BA01,*5/*9,*1+rs56038477/*rs2297595,-1003.8897637795276,6.780516192414931e-34,True
L02BA01,*9/*rs2297595,*1/*5,175.4219246786978,0.00025665002195938736,True
L02BA01,*9/*rs2297595,*1/*1,-437.52583431613175,0.00015847631941851584,True
L02BA01,*9/*rs2297595,*1/*9,-270.8359519980205,0.05097169134738767,False
L02BA01,*9/*rs2297595,*9/*rs17376848+rs1801265,193.35417327832442,0.04179790394958094,True
L02BA01,*9/*rs2297595,*5/*5,-194.12408759124082,3.003558425241246e-06,True
L02BA01,*9/*rs2297595,Unknown,-3768.3188927860456,4.326310601457562e-86,True
L02BA01,*9/*rs2297595,*1/*4,726.4626892682633,9.967341721456128e-50,True
L02BA01,*9/*rs2297595,*9/*rs2297595+rs1801265,736.8759124087592,4.986572638371349e-12,True
L02BA01,*9/*rs2297595,*9+rs2297595/*rs2297595,671.8759124087592,5.853420196739663e-05,True
L02BA01,*9/*rs2297595,*1/*6,-1167.1240875912408,1.6078787190565766e-28,True
L02BA01,*9/*rs2297595,*5+rs56038477/*9,-534.1240875912408,2.9544096135223407e-14,True
L02BA01,*9/*rs2297595,*1+rs56038477/*9,250.9708029197081,7.472000616717604e-06,True
L02BA01,*9/*rs2297595,*9/*rs17376848,-6058.124087591241,4.427622573633899e-128,True
L02BA01,*9/*rs2297595,*5+rs1801160/*9,-40.12408759124082,0.6919372113462925,False
L02BA01,*9/*rs2297595,*1/*2A,-273.1240875912408,0.15686149792977538,False
L02BA01,*9/*rs2297595,*5+rs1801265/*9,396.6259124087592,2.501219449061699e-08,True
L02BA01,*9/*rs2297595,*9/*9+rs17376848+rs1801159,-8584.12408759124,1.6739920908036632e-107,True
L02BA01,*9/*rs2297595,*5/*rs2297595+rs1801159,-3020.124087591241,3.4696725345687214e-74,True
L02BA01,*9/*rs2297595,*1+rs56038477/*rs2297595,-758.1240875912408,8.570613747540894e-25,True
L02BA01,*1/*5,*1/*1,-612.9477589948295,5.3206672508644916e-15,True
L02BA01,*1/*5,*1/*9,-446.2578766767183,1.9067491150424976e-05,True
L02BA01,*1/*5,*9/*rs17376848+rs1801265,17.932248599626632,0.8615539398246611,False
L02BA01,*1/*5,*5/*5,-369.5460122699386,8.112918106161436e-15,True
L02BA01,*1/*5,Unknown,-3943.7408174647435,2.114847122428433e-161,True
L02BA01,*1/*5,*1/*4,551.0407645895655,4.645445817804852e-31,True
L02BA01,*1/*5,*9/*rs2297595+rs1801265,561.4539877300614,6.997578614987891e-07,True
L02BA01,*1/*5,*9+rs2297595/*rs2297595,496.4539877300614,0.007014726174449454,True
L02BA01,*1/*5,*1/*6,-1342.5460122699387,3.884778915921001e-35,True
L02BA01,*1/*5,*5+rs56038477/*9,-709.5460122699386,4.815107646955182e-20,True
L02BA01,*1/*5,*1+rs56038477/*9,75.5488782410103,0.12477554405256217,False
L02BA01,*1/*5,*9/*rs17376848,-6233.546012269939,7.66247379229195e-205,True
L02BA01,*1/*5,*5+rs1801160/*9,-215.54601226993861,0.059725301261070576,False
L02BA01,*1/*5,*1/*2A,-448.5460122699386,0.03907589328286295,True
L02BA01,*1/*5,*5+rs1801265/*9,221.20398773006139,0.004108920487364915,True
L02BA01,*1/*5,*9/*9+rs17376848+rs1801159,-8759.546012269939,1.1647126622340933e-174,True
L02BA01,*1/*5,*5/*rs2297595+rs1801159,-3195.5460122699387,2.331217869850954e-104,True
L02BA01,*1/*5,*1+rs56038477/*rs2297595,-933.5460122699386,2.0832453577265198e-32,True
L02BA01,*1/*1,*1/*9,166.68988231811124,0.37041955355000333,False
L02BA01,*1/*1,*9/*rs17376848+rs1801265,630.8800075944562,0.023295240707360197,True
L02BA01,*1/*1,*5/*5,243.40174672489093,0.053749745006756174,False
L02BA01,*1/*1,Unknown,-3330.793058469914,3.943126672154261e-70,True
L02BA01,*1/*1,*1/*4,1163.9885235843951,1.567759547843576e-20,True
L02BA01,*1/*1,*9/*rs2297595+rs1801265,1174.401746724891,0.00013055317747478416,True
L02BA01,*1/*1,*9+rs2297595/*rs2297595,1109.401746724891,0.027489958338863155,True
L02BA01,*1/*1,*1/*6,-729.5982532751091,0.006207319347268687,True
L02BA01,*1/*1,*5+rs56038477/*9,-96.59825327510907,0.6294145671883258,False
L02BA01,*1/*1,*1+rs56038477/*9,688.4966372358399,4.347839775218982e-09,True
L02BA01,*1/*1,*9/*rs17376848,-5620.5982532751095,7.862527328622095e-77,True
L02BA01,*1/*1,*5+rs1801160/*9,397.4017467248909,0.2045721882103816,False
L02BA01,*1/*1,*1/*2A,164.40174672489093,0.7819268464342476,False
L02BA01,*1/*1,*5+rs1801265/*9,834.1517467248909,8.080922685841322e-05,True
L02BA01,*1/*1,*9/*9+rs17376848+rs1801159,-8146.5982532751095,6.122088544364879e-62,True
L02BA01,*1/*1,*5/*rs2297595+rs1801159,-2582.598253275109,3.858383292102294e-19,True
L02BA01,*1/*1,*1+rs56038477/*rs2297595,-320.5982532751091,0.10193420556159889,False
L02BA01,*1/*9,*9/*rs17376848+rs1801265,464.19012527634493,0.14251499685014907,False
L02BA01,*1/*9,*5/*5,76.71186440677968,0.5851104889059562,False
L02BA01,*1/*9,Unknown,-3497.482940788025,5.471891878718736e-31,True
L02BA01,*1/*9,*1/*4,997.2986412662838,4.44212150197644e-12,True
L02BA01,*1/*9,*9/*rs2297595+rs1801265,1007.7118644067797,0.00419907701033021,True
L02BA01,*1/*9,*9+rs2297595/*rs2297595,942.7118644067797,0.09937951136966994,False
L02BA01,*1/*9,*1/*6,-896.2881355932203,0.0034250479879249624,True
L02BA01,*1/*9,*5+rs56038477/*9,-263.2881355932203,0.24180086255379618,False
L02BA01,*1/*9,*1+rs56038477/*9,521.8067549177285,0.00027527176690101573,True
L02BA01,*1/*9,*9/*rs17376848,-5787.28813559322,8.21830209397908e-35,True
L02BA01,*1/*9,*5+rs1801160/*9,230.71186440677968,0.5127543126387948,False
L02BA01,*1/*9,*1/*2A,-2.288135593220318,0.997275498978716,False
L02BA01,*1/*9,*5+rs1801265/*9,667.4618644067797,0.005444754824239828,True
L02BA01,*1/*9,*9/*9+rs17376848+rs1801159,-8313.28813559322,7.146213874283666e-27,True
L02BA01,*1/*9,*5/*rs2297595+rs1801159,-2749.2881355932204,1.6077518477774476e-13,True
L02BA01,*1/*9,*1+rs56038477/*rs2297595,-487.2881355932203,0.028019645963729606,True
L02BA01,*9/*rs17376848+rs1801265,*5/*5,-387.47826086956525,3.6817652275333277e-22,True
L02BA01,*9/*rs17376848+rs1801265,Unknown,-3961.67306606437,2.67748356640727e-28,True
L02BA01,*9/*rs17376848+rs1801265,*1/*4,533.1085159899388,1.2357975725783814e-35,True
L02BA01,*9/*rs17376848+rs1801265,*9/*rs2297595+rs1801265,543.5217391304348,5.213852712221858e-08,True
L02BA01,*9/*rs17376848+rs1801265,*9+rs2297595/*rs2297595,478.52173913043475,0.0014397399733932963,True
L02BA01,*9/*rs17376848+rs1801265,*1/*6,-1360.4782608695652,1.2240427628366508e-23,True
L02BA01,*9/*rs17376848+rs1801265,*5+rs56038477/*9,-727.4782608695652,6.856490130526625e-21,True
L02BA01,*9/*rs17376848+rs1801265,*1+rs56038477/*9,57.61662964138367,0.5829836250392046,False
L02BA01,*9/*rs17376848+rs1801265,*9/*rs17376848,-6251.478260869565,6.157242332692139e-57,True
L02BA01,*9/*rs17376848+rs1801265,*5+rs1801160/*9,-233.47826086956525,0.008070758132042432,True
L02BA01,*9/*rs17376848+rs1801265,*1/*2A,-466.47826086956525,0.007405261936460226,True
L02BA01,*9/*rs17376848+rs1801265,*5+rs1801265/*9,203.27173913043475,0.0007020108592651627,True
L02BA01,*9/*rs17376848+rs1801265,*9/*9+rs17376848+rs1801159,-8777.478260869566,4.206763312199039e-37,True
L02BA01,*9/*rs17376848+rs1801265,*5/*rs2297595+rs1801159,-3213.478260869565,7.935787930403965e-38,True
L02BA01,*9/*rs17376848+rs1801265,*1+rs56038477/*rs2297595,-951.4782608695652,7.21833999945917e-28,True
L02BA01,*5/*5,Unknown,-3574.1948051948048,2.2807852468981442e-76,True
L02BA01,*5/*5,*1/*4,920.5867768595041,0.0,True
L02BA01,*5/*5,*9/*rs2297595+rs1801265,931.0,0.0,True
L02BA01,*5/*5,*9+rs2297595/*rs2297595,866.0,0.0,True
L02BA01,*5/*5,*1/*6,-973.0,0.0,True
L02BA01,*5/*5,*5+rs56038477/*9,-340.0,0.0,True
L02BA01,*5/*5,*1+rs56038477/*9,445.0948905109489,3.129451402165119e-19,True
L02BA01,*5/*5,*9/*rs17376848,-5864.0,0.0,True
L02BA01,*5/*5,*5+rs1801160/*9,154.0,0.0,True
L02BA01,*5/*5,*1/*2A,-79.0,0.0,True
L02BA01,*5/*5,*5+rs1801265/*9,590.75,7.848231617495722e-143,True
L02BA01,*5/*5,*9/*9+rs17376848+rs1801159,-8390.0,0.0,True
L02BA01,*5/*5,*5/*rs2297595+rs1801159,-2826.0,0.0,True
L02BA01,*5/*5,*1+rs56038477/*rs2297595,-564.0,0.0,True
L02BA01,Unknown,*1/*4,4494.781582054309,1.1558787095784458e-98,True
L02BA01,Unknown,*9/*rs2297595+rs1801265,4505.194805194805,3.6269828522255505e-29,True
L02BA01,Unknown,*9+rs2297595/*rs2297595,4440.194805194805,2.3859643986465626e-15,True
L02BA01,Unknown,*1/*6,2601.1948051948048,1.6549521127149483e-18,True
L02BA01,Unknown,*5+rs56038477/*9,3234.1948051948048,1.7981409332318723e-35,True
L02BA01,Unknown,*1+rs56038477/*9,4019.2896957057537,2.892935219620015e-89,True
L02BA01,Unknown,*9/*rs17376848,-2289.8051948051952,5.0284384823767574e-17,True
L02BA01,Unknown,*5+rs1801160/*9,3728.1948051948048,6.490422346693291e-23,True
L02BA01,Unknown,*1/*2A,3495.1948051948048,6.908673009029818e-09,True
L02BA01,Unknown,*5+rs1801265/*9,4164.944805194805,7.334314100827017e-43,True
L02BA01,Unknown,*9/*9+rs17376848+rs1801159,-4815.805194805195,3.220382490630593e-21,True
L02BA01,Unknown,*5/*rs2297595+rs1801159,748.1948051948048,0.003609766916610911,True
L02BA01,Unknown,*1+rs56038477/*rs2297595,3010.1948051948048,7.364190000892742e-34,True
L02BA01,*1/*4,*9/*rs2297595+rs1801265,10.41322314049587,2.0344894914993297e-125,True
L02BA01,*1/*4,*9+rs2297595/*rs2297595,-54.58677685950413,4.830495711835132e-180,True
L02BA01,*1/*4,*1/*6,-1893.5867768595042,0.0,True
L02BA01,*1/*4,*5+rs56038477/*9,-1260.5867768595042,0.0,True
L02BA01,*1/*4,*1+rs56038477/*9,-475.4918863485552,6.180459248141973e-23,True
L02BA01,*1/*4,*9/*rs17376848,-6784.586776859504,0.0,True
L02BA01,*1/*4,*5+rs1801160/*9,-766.5867768595041,0.0,True
L02BA01,*1/*4,*1/*2A,-999.5867768595041,0.0,True
L02BA01,*1/*4,*5+rs1801265/*9,-329.83677685950414,9.566031738873672e-114,True
L02BA01,*1/*4,*9/*9+rs17376848+rs1801159,-9310.586776859504,0.0,True
L02BA01,*1/*4,*5/*rs2297595+rs1801159,-3746.586776859504,0.0,True
L02BA01,*1/*4,*1+rs56038477/*rs2297595,-1484.5867768595042,0.0,True
L02BA01,*9/*rs2297595+rs1801265,*9+rs2297595/*rs2297595,-65.0,0.0,True
L02BA01,*9/*rs2297595+rs1801265,*1/*6,-1904.0,0.0,True
L02BA01,*9/*rs2297595+rs1801265,*5+rs56038477/*9,-1271.0,0.0,True
L02BA01,*9/*rs2297595+rs1801265,*1+rs56038477/*9,-485.9051094890511,2.032614939747699e-05,True
L02BA01,*9/*rs2297595+rs1801265,*9/*rs17376848,-6795.0,0.0,True
L02BA01,*9/*rs2297595+rs1801265,*5+rs1801160/*9,-777.0,0.0,True
L02BA01,*9/*rs2297595+rs1801265,*1/*2A,-1010.0,0.0,True
L02BA01,*9/*rs2297595+rs1801265,*5+rs1801265/*9,-340.25,1.2661484112485231e-32,True
L02BA01,*9/*rs2297595+rs1801265,*9/*9+rs17376848+rs1801159,-9321.0,0.0,True
L02BA01,*9/*rs2297595+rs1801265,*5/*rs2297595+rs1801159,-3757.0,0.0,True
L02BA01,*9/*rs2297595+rs1801265,*1+rs56038477/*rs2297595,-1495.0,0.0,True
L02BA01,*9+rs2297595/*rs2297595,*1/*6,-1839.0,0.0,True
L02BA01,*9+rs2297595/*rs2297595,*5+rs56038477/*9,-1206.0,0.0,True
L02BA01,*9+rs2297595/*rs2297595,*1+rs56038477/*9,-420.9051094890511,0.02227931322558427,True
L02BA01,*9+rs2297595/*rs2297595,*9/*rs17376848,-6730.0,0.0,True
L02BA01,*9+rs2297595/*rs2297595,*5+rs1801160/*9,-712.0,0.0,True
L02BA01,*9+rs2297595/*rs2297595,*1/*2A,-945.0,0.0,True
L02BA01,*9+rs2297595/*rs2297595,*5+rs1801265/*9,-275.25,4.866026462617805e-16,True
L02BA01,*9+rs2297595/*rs2297595,*9/*9+rs17376848+rs1801159,-9256.0,0.0,True
L02BA01,*9+rs2297595/*rs2297595,*5/*rs2297595+rs1801159,-3692.0,0.0,True
L02BA01,*9+rs2297595/*rs2297595,*1+rs56038477/*rs2297595,-1430.0,0.0,True
L02BA01,*1/*6,*5+rs56038477/*9,633.0,0.0,True
L02BA01,*1/*6,*1+rs56038477/*9,1418.094890510949,1.4297297857879714e-31,True
L02BA01,*1/*6,*9/*rs17376848,-4891.0,0.0,True
L02BA01,*1/*6,*5+rs1801160/*9,1127.0,0.0,True
L02BA01,*1/*6,*1/*2A,894.0,0.0,True
L02BA01,*1/*6,*5+rs1801265/*9,1563.75,5.91991549687855e-79,True
L02BA01,*1/*6,*9/*9+rs17376848+rs1801159,-7417.0,0.0,True
L02BA01,*1/*6,*5/*rs2297595+rs1801159,-1853.0,0.0,True
L02BA01,*1/*6,*1+rs56038477/*rs2297595,409.0,0.0,True
L02BA01,*5+rs56038477/*9,*1+rs56038477/*9,785.094890510949,2.550309599162925e-21,True
L02BA01,*5+rs56038477/*9,*9/*rs17376848,-5524.0,0.0,True
L02BA01,*5+rs56038477/*9,*5+rs1801160/*9,494.0,0.0,True
L02BA01,*5+rs56038477/*9,*1/*2A,261.0,0.0,True
L02BA01,*5+rs56038477/*9,*5+rs1801265/*9,930.75,2.1628626709337575e-89,True
L02BA01,*5+rs56038477/*9,*9/*9+rs17376848+rs1801159,-8050.0,0.0,True
L02BA01,*5+rs56038477/*9,*5/*rs2297595+rs1801159,-2486.0,0.0,True
L02BA01,*5+rs56038477/*9,*1+rs56038477/*rs2297595,-224.0,0.0,True
L02BA01,*1+rs56038477/*9,*9/*rs17376848,-6309.094890510949,6.853222647541302e-123,True
L02BA01,*1+rs56038477/*9,*5+rs1801160/*9,-291.0948905109489,0.011307992819656554,True
L02BA01,*1+rs56038477/*9,*1/*2A,-524.094890510949,0.01629495097916036,True
L02BA01,*1+rs56038477/*9,*5+rs1801265/*9,145.65510948905109,0.05776032991577651,False
L02BA01,*1+rs56038477/*9,*9/*9+rs17376848+rs1801159,-8835.094890510949,3.2977146126049944e-102,True
L02BA01,*1+rs56038477/*9,*5/*rs2297595+rs1801159,-3271.094890510949,5.302440998587115e-72,True
L02BA01,*1+rs56038477/*9,*1+rs56038477/*rs2297595,-1009.094890510949,2.6183635950215696e-31,True
L02BA01,*9/*rs17376848,*5+rs1801160/*9,6018.0,0.0,True
L02BA01,*9/*rs17376848,*1/*2A,5785.0,0.0,True
L02BA01,*9/*rs17376848,*5+rs1801265/*9,6454.75,3.291785251879908e-124,True
L02BA01,*9/*rs17376848,*9/*9+rs17376848+rs1801159,-2526.0,0.0,True
L02BA01,*9/*rs17376848,*5/*rs2297595+rs1801159,3038.0,0.0,True
L02BA01,*9/*rs17376848,*1+rs56038477/*rs2297595,5300.0,0.0,True
L02BA01,*5+rs1801160/*9,*1/*2A,-233.0,0.0,True
L02BA01,*5+rs1801160/*9,*5+rs1801265/*9,436.75,2.4848440443352543e-37,True
L02BA01,*5+rs1801160/*9,*9/*9+rs17376848+rs1801159,-8544.0,0.0,True
L02BA01,*5+rs1801160/*9,*5/*rs2297595+rs1801159,-2980.0,0.0,True
L02BA01,*5+rs1801160/*9,*1+rs56038477/*rs2297595,-718.0,0.0,True
L02BA01,*1/*2A,*5+rs1801265/*9,669.75,1.7444531254014476e-27,True
L02BA01,*1/*2A,*9/*9+rs17376848+rs1801159,-8311.0,0.0,True
L02BA01,*1/*2A,*5/*rs2297595+rs1801159,-2747.0,0.0,True
L02BA01,*1/*2A,*1+rs56038477/*rs2297595,-485.0,0.0,True
L02BA01,*5+rs1801265/*9,*9/*9+rs17376848+rs1801159,-8980.75,4.262546625122228e-90,True
L02BA01,*5+rs1801265/*9,*5/*rs2297595+rs1801159,-3416.75,1.7833335637991402e-96,True
L02BA01,*5+rs1801265/*9,*1+rs56038477/*rs2297595,-1154.75,9.82406043495004e-100,True
L02BA01,*9/*9+rs17376848+rs1801159,*5/*rs2297595+rs1801159,5564.0,0.0,True
L02BA01,*9/*9+rs17376848+rs1801159,*1+rs56038477/*rs2297595,7826.0,0.0,True
L02BA01,*5/*rs2297595+rs1801159,*1+rs56038477/*rs2297595,2262.0,0.0,True
L01BC02,*5/*9,*1/*5,-1356.75,0.1895946365693259,False
L01BC02,*5/*9,*1/*1,63.299999999999955,0.9184058573126986,False
L01BC02,*1/*5,*1/*1,1420.05,0.09457265506094038,False
L02BG03,*9/*rs2297595,*1/*5,2401.08995215311,3.2500310644799076e-13,True
L02BG03,*9/*rs2297595,*1/*1,720.9214377406929,0.002324511843106047,True
L02BG03,*9/*rs2297595,*1/*9,-2131.8704584040747,2.3954904364697865e-08,True
L02BG03,*9/*rs2297595,*5/*5,1810.7263157894736,2.156381657398773e-06,True
L02BG03,*9/*rs2297595,Unknown,1547.2526315789473,0.00041552364727724705,True
L02BG03,*9/*rs2297595,*5+rs1801265/*rs2297595,-1077.2736842105264,0.10051254303546021,False
L02BG03,*9/*rs2297595,*1/*rs2297595,794.7263157894736,0.2985803974687347,False
L02BG03,*9/*rs2297595,*5/*rs17376848,2760.7263157894736,1.1100184302574882e-24,True
L02BG03,*9/*rs2297595,*1/*2A,1793.7263157894736,0.0002876684540519292,True
L02BG03,*9/*rs2297595,*5+rs1801265/*9,2211.7263157894736,1.6180899449407535e-11,True
L02BG03,*1/*5,*1/*1,-1680.1685144124172,2.437816863837261e-37,True
L02BG03,*1/*5,*1/*9,-4532.960410557184,3.757806633023749e-28,True
L02BG03,*1/*5,*5/*5,-590.3636363636364,1.5694492331164033e-17,True
L02BG03,*1/*5,Unknown,-853.8373205741626,0.0005579572142876872,True
L02BG03,*1/*5,*5+rs1801265/*rs2297595,-3478.3636363636365,5.026848009741386e-49,True
L02BG03,*1/*5,*1/*rs2297595,-1606.3636363636365,9.950740922181772e-22,True
L02BG03,*1/*5,*5/*rs17376848,359.6363636363636,2.9109238681220125e-17,True
L02BG03,*1/*5,*1/*2A,-607.3636363636364,3.77764539698503e-12,True
L02BG03,*1/*5,*5+rs1801265/*9,-189.36363636363637,0.00016349153904938877,True
L02BG03,*1/*1,*1/*9,-2852.7918961447676,4.0457963462497205e-23,True
L02BG03,*1/*1,*5/*5,1089.8048780487807,7.652043573587932e-17,True
L02BG03,*1/*1,Unknown,826.3311938382544,0.00014520284767286025,True
L02BG03,*1/*1,*5+rs1801265/*rs2297595,-1798.1951219512193,7.231518801809821e-15,True
L02BG03,*1/*1,*1/*rs2297595,73.80487804878067,0.7589328307281187,False
L02BG03,*1/*1,*5/*rs17376848,2039.8048780487807,2.5379322173526983e-71,True
L02BG03,*1/*1,*1/*2A,1072.8048780487807,7.910686949818102e-11,True
L02BG03,*1/*1,*5+rs1801265/*9,1490.8048780487807,3.0250799315524076e-34,True
L02BG03,*1/*9,*5/*5,3942.5967741935483,4.215075648315544e-18,True
L02BG03,*1/*9,Unknown,3679.123089983022,1.0581919197272364e-11,True
L02BG03,*1/*9,*5+rs1801265/*rs2297595,1054.5967741935483,0.11439007701463019,False
L02BG03,*1/*9,*1/*rs2297595,2926.5967741935483,0.00030958281518505865,True
L02BG03,*1/*9,*5/*rs17376848,4892.596774193548,1.137106727674652e-45,True
L02BG03,*1/*9,*1/*2A,3925.5967741935483,5.14534806266178e-12,True
L02BG03,*1/*9,*5+rs1801265/*9,4343.596774193548,8.182678937970665e-27,True
L02BG03,*5/*5,Unknown,-263.47368421052624,0.34473966969439584,False
L02BG03,*5/*5,*5+rs1801265/*rs2297595,-2888.0,0.0,True
L02BG03,*5/*5,*1/*rs2297595,-1016.0,0.0,True
L02BG03,*5/*5,*5/*rs17376848,950.0,0.0,True
L02BG03,*5/*5,*1/*2A,-17.0,0.0,True
L02BG03,*5/*5,*5+rs1801265/*9,401.0,0.0,True
L02BG03,Unknown,*5+rs1801265/*rs2297595,-2624.5263157894738,1.9729259256378693e-06,True
L02BG03,Unknown,*1/*rs2297595,-752.5263157894738,0.19465584077425557,False
L02BG03,Unknown,*5/*rs17376848,1213.4736842105262,5.076457180072086e-10,True
L02BG03,Unknown,*1/*2A,246.47368421052624,0.499836278828262,False
L02BG03,Unknown,*5+rs1801265/*9,664.4736842105262,0.005217699344835209,True
L02BG03,*5+rs1801265/*rs2297595,*1/*rs2297595,1872.0,0.0,True
L02BG03,*5+rs1801265/*rs2297595,*5/*rs17376848,3838.0,0.0,True
L02BG03,*5+rs1801265/*rs2297595,*1/*2A,2871.0,0.0,True
L02BG03,*5+rs1801265/*rs2297595,*5+rs1801265/*9,3289.0,0.0,True
L02BG03,*1/*rs2297595,*5/*rs17376848,1966.0,0.0,True
L02BG03,*1/*rs2297595,*1/*2A,999.0,0.0,True
L02BG03,*1/*rs2297595,*5+rs1801265/*9,1417.0,0.0,True
L02BG03,*5/*rs17376848,*1/*2A,-967.0,0.0,True
L02BG03,*5/*rs17376848,*5+rs1801265/*9,-549.0,0.0,True
L02BG03,*1/*2A,*5+rs1801265/*9,418.0,0.0,True
L02BG04,*5/*9,*9/*rs2297595,-1435.9731543624162,0.0017594935050497783,True
L02BG04,*5/*9,*1/*5,-2469.185792349727,4.87226665346915e-06,True
L02BG04,*5/*9,*1/*1,-2736.6309523809523,0.0007402008312612369,True
L02BG04,*5/*9,*1/*9,-1009.5,0.16247207278609502,False
L02BG04,*5/*9,*5/*6,-623.0,0.0,True
L02BG04,*5/*9,*9/*rs17376848+rs1801265,-44.5090909090909,1.8179441130681287e-18,True
L02BG04,*5/*9,Unknown,-3269.808510638298,0.0013343411014979287,True
L02BG04,*5/*9,*9/*9+rs1801159+rs2297595,-619.0,0.0,True
L02BG04,*5/*9,*1/*rs2297595,62.0,0.0,True
L02BG04,*5/*9,*5+rs1801265/*9,-183.0,0.0,True
L02BG04,*5/*9,*1/*1+rs56038477,-2768.8333333333335,9.557335507261804e-12,True
L02BG04,*5/*9,*1+rs56038477/*rs2297595,-1351.0,0.0,True
L02BG04,*9/*rs2297595,*1/*5,-1033.2126379873107,5.734575555025393e-16,True
L02BG04,*9/*rs2297595,*1/*1,-1300.6577980185361,6.715362934050258e-12,True
L02BG04,*9/*rs2297595,*1/*9,426.47315436241615,0.03550099457178889,True
L02BG04,*9/*rs2297595,*5/*6,812.9731543624162,5.277618623229175e-10,True
L02BG04,*9/*rs2297595,*9/*rs17376848+rs1801265,1391.4640634533253,4.0363981955367034e-20,True
L02BG04,*9/*rs2297595,Unknown,-1833.8353562758816,7.529933369145023e-14,True
L02BG04,*9/*rs2297595,*9/*9+rs1801159+rs2297595,816.9731543624162,0.005617071944653731,True
L02BG04,*9/*rs2297595,*1/*rs2297595,1497.9731543624162,1.6287114018322728e-08,True
L02BG04,*9/*rs2297595,*5+rs1801265/*9,1252.9731543624162,0.002749087437435697,True
L02BG04,*9/*rs2297595,*1/*1+rs56038477,-1332.8601789709173,1.974401502857321e-09,True
L02BG04,*9/*rs2297595,*1+rs56038477/*rs2297595,84.97315436241615,0.8118930917183967,False
L02BG04,*1/*5,*1/*1,-267.44516003122544,0.14086192424135208,False
L02BG04,*1/*5,*1/*9,1459.6857923497269,9.251224336415353e-11,True
L02BG04,*1/*5,*5/*6,1846.1857923497269,8.733870793245864e-29,True
L02BG04,*1/*5,*9/*rs17376848+rs1801265,2424.676701440636,2.398197165102152e-37,True
L02BG04,*1/*5,Unknown,-800.6227182885709,0.0006579210642533378,True
L02BG04,*1/*5,*9/*9+rs1801159+rs2297595,1850.1857923497269,1.4079976470077435e-07,True
L02BG04,*1/*5,*1/*rs2297595,2531.185792349727,1.9690177912648085e-15,True
L02BG04,*1/*5,*5+rs1801265/*9,2286.185792349727,3.610685037047741e-06,True
L02BG04,*1/*5,*1/*1+rs56038477,-299.64754098360663,0.21791306528220364,False
L02BG04,*1/*5,*1+rs56038477/*rs2297595,1118.1857923497269,0.007624983645183376,True
L02BG04,*1/*1,*1/*9,1727.1309523809523,3.0145739140174515e-07,True
L02BG04,*1/*1,*5/*6,2113.6309523809523,9.98972288132901e-18,True
L02BG04,*1/*1,*9/*rs17376848+rs1801265,2692.1218614718614,9.63617005932812e-22,True
L02BG04,*1/*1,Unknown,-533.1775582573455,0.12370883256669982,False
L02BG04,*1/*1,*9/*9+rs1801159+rs2297595,2117.6309523809523,6.129092455799496e-05,True
L02BG04,*1/*1,*1/*rs2297595,2798.6309523809523,5.169687556639867e-09,True
L02BG04,*1/*1,*5+rs1801265/*9,2553.6309523809523,0.00056880706724972,True
L02BG04,*1/*1,*1/*1+rs56038477,-32.20238095238119,0.9291000673145813,False
L02BG04,*1/*1,*1+rs56038477/*rs2297595,1385.6309523809523,0.027462264070345216,True
L02BG04,*1/*9,*5/*6,386.5,0.04979576887972295,True
L02BG04,*1/*9,*9/*rs17376848+rs1801265,964.9909090909091,1.5640146371122396e-05,True
L02BG04,*1/*9,Unknown,-2260.308510638298,2.1387413483520668e-07,True
L02BG04,*1/*9,*9/*9+rs1801159+rs2297595,390.5,0.39731715542519386,False
L02BG04,*1/*9,*1/*rs2297595,1071.5,0.008967684903970425,True
L02BG04,*1/*9,*5+rs1801265/*9,826.5,0.20898493380076516,False
L02BG04,*1/*9,*1/*1+rs56038477,-1759.3333333333335,1.6151517007781674e-06,True
L02BG04,*1/*9,*1+rs56038477/*rs2297595,-341.5,0.5457443196914386,False
L02BG04,*5/*6,*9/*rs17376848+rs1801265,578.4909090909091,1.1333941370237422e-207,True
L02BG04,*5/*6,Unknown,-2646.808510638298,3.3843550610233744e-17,True
L02BG04,*5/*6,*9/*9+rs1801159+rs2297595,4.0,0.0,True
L02BG04,*5/*6,*1/*rs2297595,685.0,0.0,True
L02BG04,*5/*6,*5+rs1801265/*9,440.0,0.0,True
L02BG04,*5/*6,*1/*1+rs56038477,-2145.8333333333335,2.647295056397571e-50,True
L02BG04,*5/*6,*1+rs56038477/*rs2297595,-728.0,0.0,True
L02BG04,*9/*rs17376848+rs1801265,Unknown,-3225.299419729207,2.0386123043735535e-19,True
L02BG04,*9/*rs17376848+rs1801265,*9/*9+rs1801159+rs2297595,-574.4909090909091,2.694116905856648e-99,True
L02BG04,*9/*rs17376848+rs1801265,*1/*rs2297595,106.5090909090909,1.4162323987635262e-58,True
L02BG04,*9/*rs17376848+rs1801265,*5+rs1801265/*9,-138.4909090909091,1.6387161806526696e-46,True
L02BG04,*9/*rs17376848+rs1801265,*1/*1+rs56038477,-2724.3242424242426,1.997590784237543e-51,True
L02BG04,*9/*rs17376848+rs1801265,*1+rs56038477/*rs2297595,-1306.490909090909,1.7645157622536943e-110,True
L02BG04,Unknown,*9/*9+rs1801159+rs2297595,2650.808510638298,7.246213112925112e-05,True
L02BG04,Unknown,*1/*rs2297595,3331.808510638298,5.014190299726464e-08,True
L02BG04,Unknown,*5+rs1801265/*9,3086.808510638298,0.0009273062230056557,True
L02BG04,Unknown,*1/*1+rs56038477,500.9751773049643,0.2627173793967356,False
L02BG04,Unknown,*1+rs56038477/*rs2297595,1918.8085106382978,0.014558869525925727,True
L02BG04,*9/*9+rs1801159+rs2297595,*1/*rs2297595,681.0,0.0,True
L02BG04,*9/*9+rs1801159+rs2297595,*5+rs1801265/*9,436.0,0.0,True
L02BG04,*9/*9+rs1801159+rs2297595,*1/*1+rs56038477,-2149.8333333333335,2.118045568781233e-15,True
L02BG04,*9/*9+rs1801159+rs2297595,*1+rs56038477/*rs2297595,-732.0,0.0,True
L02BG04,*1/*rs2297595,*5+rs1801265/*9,-245.0,0.0,True
L02BG04,*1/*rs2297595,*1/*1+rs56038477,-2830.8333333333335,1.9780393298886285e-22,True
L02BG04,*1/*rs2297595,*1+rs56038477/*rs2297595,-1413.0,0.0,True
L02BG04,*5+rs1801265/*9,*1/*1+rs56038477,-2585.8333333333335,3.422915615812319e-12,True
L02BG04,*5+rs1801265/*9,*1+rs56038477/*rs2297595,-1168.0,0.0,True
L02BG04,*1/*1+rs56038477,*1+rs56038477/*rs2297595,1417.8333333333335,3.46895054187915e-08,True
L02AE03,*1/*5,*1/*1,1915.8333333333335,0.0005746882466288058,True
L02AE03,*1/*5,*1/*9,2122.8333333333335,0.000204944685463325,True
L02AE03,*1/*5,*5+rs1801265/*rs2297595,191.9333333333334,0.7403964598565373,False
L02AE03,*1/*1,*1/*9,207.0,0.0,True
L02AE03,*1/*1,*5+rs1801265/*rs2297595,-1723.9,0.0001445765934266673,True
L02AE03,*1/*9,*5+rs1801265/*rs2297595,-1930.9,4.178696998575711e-05,True
L02BB03,*1/*5,*1/*1,-1577.218181818182,3.445718786478115e-10,True
L02BB03,*1/*5,*1/*9,772.0053475935829,6.79712771863834e-30,True
L02BB03,*1/*5,*5/*6,32.09848484848476,0.40252289470548985,False
L02BB03,*1/*5,*1/*rs2297595,-681.8181818181819,1.201955359729895e-49,True
L02BB03,*1/*1,*1/*9,2349.223529411765,8.663524084945251e-10,True
L02BB03,*1/*1,*5/*6,1609.3166666666666,8.434043206426912e-10,True
L02BB03,*1/*1,*1/*rs2297595,895.4000000000001,0.0009180232983345057,True
L02BB03,*1/*9,*5/*6,-739.9068627450981,1.9085889881085135e-22,True
L02BB03,*1/*9,*1/*rs2297595,-1453.8235294117646,2.490337634624017e-41,True
L02BB03,*5/*6,*1/*rs2297595,-713.9166666666666,4.005911635267272e-30,True
L02BG06,*9/*rs2297595,*1/*5,11.222222222222229,0.099168441679332,False
L02BG06,*9/*rs2297595,*1/*1,-1700.0,0.004600143887808659,True
L02BG06,*9/*rs2297595,Unknown,-3927.2528735632186,7.238690884985297e-10,True
L02BG06,*1/*5,*1/*1,-1711.2222222222222,0.021316625198001957,True
L02BG06,*1/*5,Unknown,-3938.4750957854408,3.520715147837323e-07,True
L02BG06,*1/*1,Unknown,-2227.2528735632186,2.6477500926973006e-09,True
L02AE04,*9/*rs2297595,*1/*5,-856.0,0.0,True
L02AE04,*9/*rs2297595,*6+rs1801265/*rs2297595,-311.0,0.0,True
L02AE04,*1/*5,*6+rs1801265/*rs2297595,545.0,0.0,True
H01CB03,*1+rs56038477/*9,*5/*rs17376848,45.0,0.0,True
L01BB02,*9/*rs2297595,*1/*1,-1165.5581395348838,3.624436164168087e-27,True
L01BB02,*9/*rs2297595,*5/*5,66.0,0.0,True
L01BB02,*9/*rs2297595,*1/*6,-2932.0,0.0,True
L01BB02,*9/*rs2297595,*1/*rs2297595,-2960.0,0.0,True
L01BB02,*1/*1,*5/*5,1231.5581395348838,2.823143113913195e-29,True
L01BB02,*1/*1,*1/*6,-1766.4418604651162,9.875983100690758e-153,True
L01BB02,*1/*1,*1/*rs2297595,-1794.4418604651162,1.648714319734987e-128,True
L01BB02,*5/*5,*1/*6,-2998.0,0.0,True
L01BB02,*5/*5,*1/*rs2297595,-3026.0,0.0,True
L01BB02,*1/*6,*1/*rs2297595,-28.0,0.0,True
